price,genres,pegi,L_mean_global,L_std_global,grid_z0_c0,grid_z0_c1,grid_z0_c2,grid_z0_c3,grid_z0_c4,L_mean_z0,L_std_z0,grid_z1_c0,grid_z1_c1,grid_z1_c2,grid_z1_c3,grid_z1_c4,L_mean_z1,L_std_z1,grid_z2_c0,grid_z2_c1,grid_z2_c2,grid_z2_c3,grid_z2_c4,L_mean_z2,L_std_z2,grid_z3_c0,grid_z3_c1,grid_z3_c2,grid_z3_c3,grid_z3_c4,L_mean_z3,L_std_z3,grid_z4_c0,grid_z4_c1,grid_z4_c2,grid_z4_c3,grid_z4_c4,L_mean_z4,L_std_z4,grid_z5_c0,grid_z5_c1,grid_z5_c2,grid_z5_c3,grid_z5_c4,L_mean_z5,L_std_z5,grid_z6_c0,grid_z6_c1,grid_z6_c2,grid_z6_c3,grid_z6_c4,L_mean_z6,L_std_z6,grid_z7_c0,grid_z7_c1,grid_z7_c2,grid_z7_c3,grid_z7_c4,L_mean_z7,L_std_z7,grid_z8_c0,grid_z8_c1,grid_z8_c2,grid_z8_c3,grid_z8_c4,L_mean_z8,L_std_z8,lbp_hist_b0,lbp_hist_b1,lbp_hist_b2,lbp_hist_b3,lbp_hist_b4,lbp_hist_b5,lbp_hist_b6,lbp_hist_b7,lbp_hist_b8,lbp_hist_b9,tfidf_violence,tfidf_violent,tfidf_gore,tfidf_blood,tfidf_bloody,tfidf_nudity,tfidf_sexual,tfidf_sex,tfidf_sexy,tfidf_mature,tfidf_adult,tfidf_nsfw,tfidf_horror,tfidf_scary,tfidf_fear,tfidf_dark,tfidf_zombie,tfidf_zombies,tfidf_weapon,tfidf_weapons,tfidf_gun,tfidf_guns,tfidf_shoot,tfidf_shooter,tfidf_shooting,tfidf_kill,tfidf_killing,tfidf_combat,tfidf_fight,tfidf_fighting,tfidf_death,tfidf_dead,tfidf_brutal,tfidf_slasher,tfidf_drugs,tfidf_alcohol,tfidf_profanity,tfidf_language,tfidf_gambling,tfidf_coarse,tfidf_crude,tfidf_explicit,tfidf_erotic,tfidf_hentai,tfidf_cute,tfidf_family,tfidf_relaxing,tfidf_cartoon,tfidf_cartoons,tfidf_kids,tfidf_kid,tfidf_friendly,tfidf_wholesome,tfidf_cozy,tfidf_sweet,tfidf_puzzle,tfidf_puzzles,tfidf_colorful,tfidf_funny,tfidf_happy,tfidf_education,tfidf_educational,tfidf_learning,tfidf_child,tfidf_children,tfidf_peaceful,tfidf_casual,tfidf_simulation,tfidf_strategy,tfidf_adventure,tfidf_fantasy,tfidf_magic,tfidf_multiplayer,tfidf_exploration
0,"Casual,RPG",3.0,168.57351666666668,75.45555907486023,0.0796969696969697,0.009545454545454546,0.31393939393939396,0.5424242424242425,0.0543939393939394,174.1239393939394,66.19197815717523,0.2675757575757576,0.0446969696969697,0.35333333333333333,0.30924242424242426,0.02515151515151515,155.13242424242424,75.46742650852762,0.03772727272727273,0.003787878787878788,0.0009090909090909091,0.8648484848484849,0.09272727272727273,235.5051515151515,34.11407295328266,0.1056060606060606,0.043787878787878785,0.5568181818181818,0.271969696969697,0.02181818181818182,136.34924242424242,67.87816402158525,0.14166666666666666,0.2159090909090909,0.3203030303030303,0.3046969696969697,0.017424242424242425,129.64863636363637,85.69008480859458,0.10712121212121212,0.22848484848484849,0.07,0.5901515151515152,0.004242424242424243,169.87469696969697,98.70715593351846,0.195,0.0575,0.34397058823529414,0.3305882352941176,0.07294117647058823,149.00367647058823,68.85193502779569,0.28147058823529414,0.07294117647058823,0.14676470588235294,0.48455882352941176,0.014264705882352941,178.30279411764707,68.39896966341259,0.6741176470588235,0.012058823529411764,0.004264705882352941,0.26338235294117646,0.04617647058823529,188.90323529411765,30.47272244257614,0.05956521739130435,0.07534883720930233,0.02133468149646107,0.06551061678463094,0.14498483316481295,0.09996966632962588,0.037977755308392314,0.0870273003033367,0.27091001011122345,0.13737108190091002,0.0,0.0,0.0,0.0,0.0,0.0,0.0,0.0,0.0,0.0,0.0,0.0,0.0,0.0,0.0,0.0,0.0,0.0,0.0,0.0,0.0,0.0,0.0,0.0,0.0,0.0,0.0,0.0,0.3746906620968656,0.0,0.0,0.0,0.0,0.0,0.0,0.0,0.0,0.0,0.0,0.0,0.0,0.0,0.0,0.0,0.3435553171372867,0.3937883900904634,0.0,0.44402146304364,0.0,0.0,0.0,0.3937883900904634,0.0,0.0,0.0,0.2888166566841287,0.0,0.0,0.0,0.0,0.0,0.0,0.0,0.0,0.0,0.0,0.22204037926498968,0.0,0.0,0.0,0.31869422432526145,0.0,0.0,0.0
0,"Casual,Indie,Strategy",3.0,95.46728333333333,46.253139312768695,0.0034848484848484847,0.2834848484848485,0.5618181818181818,0.0543939393939394,0.09681818181818182,75.32060606060607,43.89959204196404,0.016515151515151514,0.005757575757575757,0.21257575757575758,0.3240909090909091,0.44106060606060604,143.67090909090908,50.34439455202453,0.0006060606060606061,0.3109090909090909,0.5546969696969697,0.020757575757575756,0.11303030303030304,72.35060606060605,37.343095377324616,0.0012121212121212121,0.17363636363636364,0.7062121212121212,0.04303030303030303,0.07590909090909091,86.66863636363637,37.32084539732184,0.05545454545454546,0.00015151515151515152,0.38166666666666665,0.26181818181818184,0.3009090909090909,136.18772727272727,46.52065426907267,0.04287878787878788,0.29772727272727273,0.5593939393939394,0.03590909090909091,0.06409090909090909,77.73833333333333,43.35260836175462,0.005147058823529412,0.08102941176470588,0.8613235294117647,0.0014705882352941176,0.051029411764705886,78.29058823529412,17.92439923370581,0.2614705882352941,0.06970588235294117,0.6013235294117647,0.0035294117647058825,0.06397058823529411,100.98691176470588,34.613551059280105,0.12441176470588235,0.013235294117647059,0.840735294117647,0.0,0.02161764705882353,88.55397058823529,29.426813984752965,0.04229524772497472,0.08224469160768454,0.025035389282103134,0.08378159757330637,0.1764711830131446,0.15164812942366027,0.06285136501516683,0.09801820020222447,0.1423154701718908,0.1353387259858443,0.0,0.0,0.0,0.0,0.0,0.0,0.0,0.0,0.0,0.0,0.0,0.0,0.0,0.0,0.0,0.0,0.0,0.0,0.0,0.0,0.0,0.0,0.0,0.0,0.0,0.0,0.0,0.0,0.0,0.0,0.0,0.0,0.0,0.0,0.0,0.0,0.0,0.0,0.0,0.0,0.0,0.0,0.0,0.0,0.7732539974476627,0.0,0.4685774768723732,0.0,0.0,0.0,0.0,0.0,0.0,0.0,0.0,0.0,0.0,0.34651774684736547,0.0,0.0,0.0,0.0,0.0,0.0,0.0,0.0,0.24987767951330905,0.0,0.0,0.0,0.0,0.0,0.0,0.0
0,"Action,Indie",3.0,176.03241666666668,57.4934436768784,0.7772727272727272,0.07606060606060606,0.011666666666666667,0.135,0.0,180.74348484848485,48.461766748032204,0.8062121212121212,0.006060606060606061,0.004242424242424243,0.18348484848484847,0.0,193.20636363636365,29.289891039057995,0.9281818181818182,0.0,0.0006060606060606061,0.07121212121212121,0.0,193.07651515151514,16.130839839153975,0.12287878787878788,0.2084848484848485,0.07075757575757576,0.5690909090909091,0.02878787878787879,157.68681818181818,79.21378405186454,0.1712121212121212,0.13984848484848486,0.015909090909090907,0.6622727272727272,0.010757575757575757,180.71045454545455,68.16430203941547,0.13954545454545456,0.015303030303030303,0.00803030303030303,0.8365151515151515,0.0006060606060606061,200.12075757575758,32.28206359155358,0.355,0.07544117647058823,0.3101470588235294,0.2301470588235294,0.029264705882352943,138.98117647058822,58.16607004515837,0.21735294117647058,0.10176470588235294,0.14544117647058824,0.49838235294117644,0.03705882352941176,166.3754411764706,67.28344401144057,0.28205882352941175,0.07102941176470588,0.07661764705882353,0.5341176470588235,0.036176470588235296,174.84220588235294,57.54405433449862,0.03361981799797775,0.04826086956521739,0.013892821031344793,0.07051567239635996,0.07713852376137513,0.19867542972699698,0.032871587462082914,0.07823053589484327,0.3509605662285136,0.09583417593528817,0.0,0.0,0.0,0.0,0.0,0.0,0.0,0.0,0.0,0.0,0.0,0.0,0.0,0.0,0.0,0.0,0.0,0.0,0.0,0.0,0.0,0.0,0.0,0.0,0.0,0.0,0.0,0.0,0.0,0.0,0.0,0.0,0.0,0.0,0.0,0.0,0.0,0.0,0.0,0.0,0.0,0.0,0.0,0.0,0.0,0.0,0.0,0.0,0.0,0.0,0.0,0.0,0.0,0.0,0.0,0.0,0.0,0.0,0.0,0.0,0.0,0.0,0.0,0.0,0.0,0.0,0.0,0.0,0.0,0.0,0.0,0.0,0.0,0.0
0,"Casual,Indie,Simulation,Sports",7.0,128.1531,48.55369941679693,0.32575757575757575,0.0,0.5213636363636364,0.06106060606060606,0.09181818181818181,129.6180303030303,33.01182078092344,0.2737878787878788,0.005,0.4822727272727273,0.1962121212121212,0.042727272727272725,139.66075757575757,44.43085441074145,0.47484848484848485,0.0030303030303030303,0.3875757575757576,0.08454545454545455,0.05,134.70757575757577,33.21174404646491,0.25333333333333335,0.03575757575757576,0.5653030303030303,0.03590909090909091,0.1096969696969697,119.69378787878787,37.49370885673745,0.1190909090909091,0.0010606060606060607,0.38136363636363635,0.42393939393939395,0.07454545454545454,166.43621212121212,57.718949602602194,0.23363636363636364,0.0022727272727272726,0.5039393939393939,0.1737878787878788,0.08636363636363636,135.49833333333333,49.33708725736051,0.11132352941176471,0.14823529411764705,0.47,0.009705882352941177,0.26073529411764707,93.5775,45.402340503125664,0.12323529411764705,0.061911764705882354,0.5908823529411765,0.14426470588235293,0.07970588235294118,115.7579411764706,52.044790623609614,0.25794117647058823,0.010294117647058823,0.5585294117647058,0.09191176470588236,0.08132352941176471,120.09529411764706,43.538617492391616,0.08176946410515673,0.09625884732052578,0.046258847320525785,0.08215369059656219,0.15937310414560163,0.09644084934277047,0.05966632962588473,0.09650151668351871,0.11703741152679474,0.16453993933265926,0.0,0.0,0.0,0.0,0.0,0.0,0.0,0.0,0.0,0.0,0.0,0.0,0.0,0.0,0.0,0.0,0.0,0.0,0.0,0.0,0.0,0.0,0.0,0.0,0.0,0.0,0.0,0.0,0.0,0.0,0.0,0.0,0.0,0.0,0.0,0.3639019717844618,0.0,0.0,0.0,0.0,0.0,0.0,0.0,0.0,0.0,0.2704313966624259,0.28594342119233185,0.0,0.0,0.0,0.0,0.2704313966624259,0.0,0.7278039435689236,0.0,0.0,0.0,0.21145802973449737,0.0,0.0,0.0,0.0,0.0,0.0,0.0,0.0,0.15248466280656886,0.20464794941977532,0.0,0.0,0.0,0.0,0.0,0.0
25,"Casual,Indie,RPG,Simulation,Early Access",3.0,97.50986666666667,74.07283984463461,0.03272727272727273,0.27106060606060606,0.5243939393939394,0.13166666666666665,0.04015151515151515,87.16196969696969,61.41074313080627,0.10378787878787879,0.1340909090909091,0.3701515151515152,0.2865151515151515,0.10545454545454545,128.58818181818182,66.9800656439206,0.0,0.4706060606060606,0.5046969696969696,0.0,0.024696969696969696,52.346060606060604,29.431001994844983,0.09318181818181819,0.285,0.18393939393939393,0.43166666666666664,0.006212121212121212,135.01742424242425,86.54039956576256,0.20075757575757575,0.04712121212121212,0.09833333333333333,0.6021212121212122,0.051666666666666666,184.72924242424241,58.11531790486614,0.10151515151515152,0.4116666666666667,0.3006060606060606,0.09984848484848485,0.08636363636363636,83.94136363636363,66.66466319837382,0.07852941176470589,0.544264705882353,0.23147058823529412,0.038088235294117645,0.10764705882352942,66.725,53.747836823776396,0.13014705882352942,0.515,0.24632352941176472,0.048382352941176474,0.060147058823529415,70.07617647058824,66.12280079806528,0.10661764705882353,0.4586764705882353,0.3291176470588235,0.03441176470588235,0.0711764705882353,71.55411764705882,55.79462614423001,0.06954499494438827,0.0957633973710819,0.03746208291203235,0.08313447927199191,0.15474216380182002,0.10935288169868554,0.05812942366026289,0.09836198179979777,0.1431850353892821,0.15032355915065723,0.0,0.0,0.0,0.0,0.0,0.0,0.0,0.0,0.0,0.0,0.0,0.0,0.0,0.0,0.0,0.553580775800169,0.0,0.0,0.0,0.0,0.0,0.0,0.0,0.0,0.0,0.0,0.0,0.0,0.0,0.0,0.0,0.0,0.0,0.0,0.0,0.0,0.0,0.0,0.0,0.0,0.0,0.0,0.0,0.0,0.4829640075154113,0.0,0.0,0.0,0.0,0.0,0.0,0.0,0.0,0.0,0.0,0.0,0.0,0.0,0.0,0.0,0.0,0.0,0.0,0.0,0.0,0.0,0.3121404503170839,0.4189201845787513,0.43286061305862644,0.0,0.0,0.0,0.0,0.0
0,"Casual,Indie,Strategy",3.0,123.77568333333333,45.381990172678144,0.9839393939393939,0.0,0.00015151515151515152,0.0,0.015909090909090907,178.45651515151516,7.328643677984443,0.7683333333333333,0.0,0.13606060606060605,0.0,0.09560606060606061,161.375,36.18758131827363,0.4866666666666667,0.025757575757575757,0.48757575757575755,0.0,0.0,135.03348484848485,49.36076162151301,0.2959090909090909,0.018484848484848486,0.3322727272727273,0.005757575757575757,0.3475757575757576,130.53530303030303,42.61015986115308,0.04803030303030303,0.059848484848484845,0.5384848484848485,0.0,0.35363636363636364,92.70272727272727,33.82182984967202,0.08212121212121212,0.07484848484848484,0.8403030303030303,0.0,0.0027272727272727275,88.52727272727273,35.742787131894495,0.0675,0.004705882352941176,0.7123529411764706,0.0,0.21544117647058825,101.06705882352941,32.11607491304112,0.05926470588235294,0.003088235294117647,0.7433823529411765,0.0,0.19426470588235295,104.58,29.932990063100064,0.0010294117647058824,0.0007352941176470588,0.43073529411764705,0.0,0.5675,122.99720588235294,31.22605187535431,0.03680485338725986,0.04466127401415571,0.014388270980788676,0.048796764408493426,0.09840242669362993,0.13570273003033367,0.03852376137512639,0.06478260869565218,0.42606673407482304,0.09187057633973711,0.0,0.0,0.0,0.0,0.0,0.0,0.0,0.0,0.0,0.0,0.0,0.0,0.0,0.0,0.0,0.0,0.0,0.0,0.0,0.0,0.0,0.0,0.0,0.0,0.0,0.0,0.0,0.0,0.0,0.0,0.0,0.0,0.0,0.0,0.0,0.0,0.0,0.0,0.0,0.0,0.0,0.0,0.0,0.0,0.2736740796830247,0.3136894405997568,0.0,0.35370480151648875,0.0,0.0,0.0,0.3136894405997568,0.0,0.0,0.0,0.46013919024033934,0.0,0.24528272928509967,0.3820961519144139,0.0,0.0,0.0,0.0,0.0,0.0,0.0,0.3537520359408851,0.0,0.24528272928509967,0.0,0.0,0.0,0.0,0.0
0,"Action,Casual,Indie",3.0,75.34266666666667,71.45721456150449,0.00030303030303030303,0.7763636363636364,0.06545454545454546,0.03893939393939394,0.11893939393939394,42.388333333333335,53.62559839556877,0.0036363636363636364,0.31106060606060604,0.13136363636363638,0.18,0.37393939393939396,107.54939393939394,73.05249451030502,0.0018181818181818182,0.7742424242424243,0.05045454545454545,0.04833333333333333,0.12515151515151515,38.638636363636365,60.98753616795374,0.005,0.5542424242424242,0.09803030303030304,0.061515151515151516,0.2812121212121212,72.01772727272727,72.61015552761062,0.0016666666666666668,0.34,0.09863636363636363,0.15106060606060606,0.40863636363636363,105.67954545454545,83.19141421921728,0.0018181818181818182,0.5743939393939393,0.08106060606060606,0.03787878787878788,0.30484848484848487,63.209242424242426,69.6949305101886,0.003823529411764706,0.35294117647058826,0.44,0.03661764705882353,0.16661764705882354,73.24941176470588,50.1104148468616,0.006764705882352941,0.1338235294117647,0.3085294117647059,0.1927941176470588,0.35808823529411765,122.31441176470588,68.26523078022595,0.001911764705882353,0.6769117647058823,0.125,0.0225,0.1736764705882353,52.37338235294118,50.98524726388692,0.04109201213346815,0.06043478260869565,0.03551061678463094,0.1036299292214358,0.23227502527805866,0.1576036400404449,0.06433771486349849,0.059534883720930236,0.14116279069767443,0.10441860465116279,0.0,0.0,0.0,0.0,0.0,0.0,0.0,0.0,0.0,0.0,0.0,0.0,0.0,0.0,0.0,0.0,0.0,0.0,0.0,0.27245954070367057,0.0,0.0,0.28322027253642423,0.7881758240969052,0.0,0.0,0.0,0.0,0.0,0.0,0.0,0.0,0.0,0.0,0.0,0.0,0.0,0.0,0.0,0.0,0.0,0.0,0.0,0.0,0.0,0.0,0.0,0.0,0.0,0.0,0.0,0.0,0.0,0.0,0.0,0.0,0.0,0.0,0.0,0.0,0.0,0.0,0.0,0.0,0.0,0.4368354425207733,0.18304573846659933,0.0,0.0,0.0,0.0,0.0,0.0,0.0
20,"Action,Early Access",16.0,134.62581666666668,64.8037373163492,0.05454545454545454,0.14575757575757575,0.6607575757575758,0.13727272727272727,0.0016666666666666668,96.50909090909092,64.15264638787315,0.09439393939393939,0.0034848484848484847,0.6628787878787878,0.21348484848484847,0.025757575757575757,118.28545454545454,62.08733853702839,0.0740909090909091,0.0753030303030303,0.7140909090909091,0.04893939393939394,0.08757575757575757,93.93772727272727,42.34690322817631,0.13742424242424242,0.2593939393939394,0.5668181818181818,0.029242424242424243,0.007121212121212121,79.75878787878789,47.01017941071627,0.27106060606060606,0.0048484848484848485,0.195,0.4506060606060606,0.07848484848484849,174.12666666666667,51.28569135123107,0.2559090909090909,0.009545454545454546,0.23742424242424243,0.39984848484848484,0.09727272727272727,165.12757575757576,57.75075570961941,0.46191176470588236,0.10764705882352942,0.33176470588235296,0.09852941176470588,0.00014705882352941175,131.71117647058824,54.470454417952766,0.4335294117647059,0.0225,0.14573529411764705,0.33852941176470586,0.05970588235294118,168.92970588235295,46.14877858209659,0.3816176470588235,0.01088235294117647,0.11382352941176471,0.4151470588235294,0.07852941176470589,180.8929411764706,51.04126943432273,0.055480283114256825,0.08588473205257836,0.050808897876643076,0.10419615773508595,0.19703741152679474,0.12564206268958544,0.07130434782608695,0.0884732052578362,0.09201213346814964,0.1291607684529828,0.0,0.0,0.0,0.0,0.0,0.0,0.0,0.0,0.0,0.0,0.0,0.0,0.0,0.0,0.0,0.0,0.0,0.0,0.0,0.27906352158070585,0.0,0.0,0.2900850762389802,0.269093312630563,0.0,0.0,0.0,0.2599912249899006,0.0,0.0,0.0,0.0,0.0,0.0,0.0,0.0,0.0,0.0,0.0,0.0,0.0,0.0,0.0,0.0,0.0,0.0,0.0,0.0,0.0,0.0,0.0,0.0,0.0,0.0,0.0,0.0,0.0,0.0,0.0,0.0,0.0,0.0,0.0,0.0,0.0,0.0,0.0,0.25161811603051387,0.0,0.0,0.269093312630563,0.7498297568614665,0.0,0.0
0,"Casual,Indie",3.0,216.00173333333333,39.08799470846373,0.12075757575757576,0.0,0.0022727272727272726,0.8768181818181818,0.00015151515151515152,224.59060606060606,26.87509215650375,0.15772727272727272,0.0,0.008484848484848486,0.8271212121212121,0.006666666666666667,227.3380303030303,37.0142782736648,0.09333333333333334,0.0,0.0010606060606060607,0.8965151515151515,0.00909090909090909,235.7280303030303,25.643732811038454,0.21742424242424244,0.0,0.0048484848484848485,0.7712121212121212,0.0065151515151515155,215.08348484848486,35.091458426837974,0.4571212121212121,0.0,0.02393939393939394,0.49303030303030304,0.02590909090909091,190.18318181818182,46.541889787884074,0.22803030303030303,0.0,0.009696969696969697,0.7584848484848485,0.003787878787878788,211.49333333333334,36.03385131239846,0.2786764705882353,0.0,0.006323529411764706,0.7127941176470588,0.0022058823529411764,212.49573529411765,40.368894323118475,0.23441176470588235,0.0,0.011764705882352941,0.7482352941176471,0.005588235294117647,218.2870588235294,41.63454035020694,0.27588235294117647,0.0,0.014264705882352941,0.7066176470588236,0.003235294117647059,209.06338235294118,39.799519067087395,0.07150657229524772,0.06864509605662285,0.022558139534883722,0.060819009100101115,0.10784630940343781,0.07659251769464105,0.027371081900910012,0.08718907987866532,0.3401718907987867,0.13730030333670373,0.0,0.0,0.0,0.0,0.0,0.0,0.0,0.0,0.0,0.0,0.0,0.0,0.0,0.0,0.0,0.0,0.0,0.0,0.0,0.0,0.0,0.0,0.0,0.0,0.0,0.0,0.0,0.0,0.0,0.0,0.0,0.0,0.0,0.0,0.0,0.0,0.0,0.0,0.0,0.0,0.0,0.0,0.0,0.0,0.0,0.0,0.0,0.0,0.0,0.0,0.0,0.0,0.0,0.0,0.0,0.0,0.0,0.0,0.0,0.0,0.0,0.0,0.0,0.0,0.0,0.0,0.6425806067139718,0.0,0.0,0.7662180915869214,0.0,0.0,0.0,0.0
0,"Adventure,Indie",3.0,46.447766666666666,80.48772124789525,0.010454545454545454,0.8510606060606061,0.02,0.11848484848484848,0.0,34.42212121212121,82.78510147244786,0.012575757575757575,0.8503030303030303,0.01696969696969697,0.12015151515151515,0.0,34.968333333333334,83.15511280192584,0.013181818181818182,0.863030303030303,0.016666666666666666,0.10712121212121212,0.0,31.435757575757577,78.84498097168951,0.0036363636363636364,0.9610606060606061,0.0036363636363636364,0.03166666666666667,0.0,17.633181818181818,41.76133294412395,0.16348484848484848,0.4753030303030303,0.013787878787878788,0.3474242424242424,0.0,109.3559090909091,101.09232276814299,0.0009090909090909091,0.9716666666666667,0.00196969696969697,0.025454545454545455,0.0,15.64969696969697,37.050927480710925,0.013235294117647059,0.9723529411764706,0.0035294117647058825,0.01088235294117647,0.0,16.371176470588235,26.581033570475405,0.38544117647058823,0.21323529411764705,0.08676470588235294,0.3145588235294118,0.0,144.7325,79.29702206549678,0.0026470588235294116,0.9964705882352941,0.0008823529411764706,0.0,0.0,12.42529411764706,7.003256064269684,0.023943377148634985,0.024641051567239634,0.004772497472194136,0.02206268958543984,0.008099089989888777,0.09148634984833165,0.013427704752275026,0.0324469160768453,0.7097674418604651,0.06935288169868555,0.0,0.0,0.0,0.0,0.0,0.0,0.0,0.0,0.0,0.0,0.0,0.0,0.0,0.0,0.0,0.35035919790096853,0.0,0.0,0.0,0.0,0.0,0.0,0.0,0.0,0.0,0.0,0.0,0.0,0.0,0.0,0.0,0.0,0.0,0.0,0.0,0.0,0.0,0.0,0.0,0.0,0.0,0.0,0.0,0.0,0.0,0.35035919790096853,0.0,0.0,0.0,0.0,0.0,0.0,0.0,0.0,0.0,0.5139286719603129,0.39505228584074426,0.0,0.0,0.0,0.0,0.0,0.0,0.0,0.0,0.0,0.0,0.0,0.0,0.23556315581959072,0.0,0.39505228584074426,0.0,0.35035919790096853
0,"Action,Indie",3.0,34.06111666666666,50.94360622053621,0.004090909090909091,0.7842424242424243,0.20484848484848484,0.00015151515151515152,0.006666666666666667,35.80712121212121,25.48285063647835,0.013636363636363636,0.6577272727272727,0.1918181818181818,0.0803030303030303,0.05651515151515152,50.696060606060605,64.00314894901864,0.0007575757575757576,0.8872727272727273,0.02893939393939394,0.0,0.08303030303030302,19.17439393939394,32.05939155308321,0.009242424242424243,0.8078787878787879,0.13454545454545455,0.02772727272727273,0.020606060606060607,36.11530303030303,42.73854490226262,0.16348484848484848,0.4543939393939394,0.21621212121212122,0.14893939393939393,0.01696969696969697,87.10833333333333,75.77469148699647,0.058787878787878785,0.8543939393939394,0.046363636363636364,0.03575757575757576,0.004696969696969697,29.170909090909092,53.54663390171091,0.0,0.985,0.015,0.0,0.0,13.903823529411765,8.749093235269948,0.006764705882352941,0.8977941176470589,0.0275,0.05676470588235294,0.011176470588235295,30.586176470588235,51.00237811725955,0.0,0.9998529411764706,0.00014705882352941175,0.0,0.0,5.5675,3.6809329360111636,0.04322548028311426,0.05956521739130435,0.03018200202224469,0.078159757330637,0.10578361981799798,0.12202224469160769,0.05415571284125379,0.0753690596562184,0.32332659251769463,0.1082103134479272,0.0,0.0,0.0,0.0,0.0,0.0,0.0,0.0,0.0,0.0,0.0,0.0,0.0,0.0,0.0,0.0,0.19990648755712173,0.8375498221904092,0.0,0.0,0.0,0.0,0.0,0.0,0.0,0.31416122693878984,0.0,0.0,0.0,0.0,0.0,0.39981297511424346,0.0,0.0,0.0,0.0,0.0,0.0,0.0,0.0,0.0,0.0,0.0,0.0,0.0,0.0,0.0,0.0,0.0,0.0,0.0,0.0,0.0,0.0,0.0,0.0,0.0,0.0,0.0,0.0,0.0,0.0,0.0,0.0,0.0,0.0,0.0,0.0,0.0,0.0,0.0,0.0,0.0,0.0
57,"Action,Indie",3.0,45.58331666666667,73.88255516922148,0.11606060606060606,0.7036363636363636,0.18015151515151515,0.00015151515151515152,0.0,36.64181818181818,54.03703452008185,0.016666666666666666,0.9393939393939394,0.043787878787878785,0.00015151515151515152,0.0,12.897878787878788,24.57577388745115,0.02727272727272727,0.9103030303030303,0.029696969696969697,0.03272727272727273,0.0,24.317272727272726,49.31462631227736,0.30287878787878786,0.37075757575757573,0.0803030303030303,0.24606060606060606,0.0,113.78590909090909,90.51275859299035,0.045454545454545456,0.8290909090909091,0.057727272727272724,0.06772727272727273,0.0,36.01742424242424,67.99500538276203,0.031818181818181815,0.7024242424242424,0.03212121212121212,0.23363636363636364,0.0,72.1621212121212,102.26912248417054,0.10764705882352942,0.7763235294117647,0.08411764705882353,0.031911764705882355,0.0,34.254558823529415,62.54925160444329,0.04279411764705882,0.8241176470588235,0.06823529411764706,0.06485294117647059,0.0,35.22897058823529,64.46885305049403,0.10617647058823529,0.7388235294117647,0.08955882352941176,0.06544117647058824,0.0,45.60044117647059,68.1649895028453,0.0317896865520728,0.04128412537917088,0.014671385237613752,0.052153690596562184,0.1018705763397371,0.09561172901921132,0.024823053589484327,0.03980788675429727,0.5141152679474217,0.08387259858442872,0.0,0.0,0.0,0.0,0.0,0.0,0.0,0.0,0.0,0.0,0.0,0.0,0.0,0.0,0.0,0.0,0.0,0.0,0.0,0.0,0.0,0.0,0.0,0.6077977038768317,0.0,0.7940919034734273,0.0,0.0,0.0,0.0,0.0,0.0,0.0,0.0,0.0,0.0,0.0,0.0,0.0,0.0,0.0,0.0,0.0,0.0,0.0,0.0,0.0,0.0,0.0,0.0,0.0,0.0,0.0,0.0,0.0,0.0,0.0,0.0,0.0,0.0,0.0,0.0,0.0,0.0,0.0,0.0,0.0,0.0,0.0,0.0,0.0,0.0,0.0,0.0
0,"Action,Indie",3.0,121.35231666666667,54.25862717546758,0.703939393939394,0.07136363636363637,0.14939393939393938,0.0753030303030303,0.0,134.50878787878787,43.79348486604577,0.681969696969697,0.09151515151515152,0.2062121212121212,0.020303030303030302,0.0,125.04787878787879,44.877815384466714,0.6892424242424242,0.06318181818181819,0.19242424242424241,0.05515151515151515,0.0,132.4471212121212,41.965157887955876,0.3572727272727273,0.14696969696969697,0.3331818181818182,0.16257575757575757,0.0,119.78454545454545,63.02898037583688,0.3528787878787879,0.21424242424242423,0.19121212121212122,0.24166666666666667,0.0,124.43651515151515,74.2644143745932,0.2722727272727273,0.17393939393939395,0.19727272727272727,0.25727272727272726,0.09924242424242424,129.2940909090909,69.63759452438927,0.2591176470588235,0.0,0.5741176470588235,0.16676470588235295,0.0,127.07441176470589,41.24125281168734,0.2707352941176471,0.004705882352941176,0.6072058823529412,0.1161764705882353,0.001176470588235294,122.60264705882354,38.47504988406532,0.016323529411764705,0.33,0.515,0.0045588235294117645,0.13411764705882354,78.075,32.76280564639618,0.05838220424671385,0.09121334681496461,0.03904954499494439,0.07172901921132457,0.14511627906976743,0.12321536905965622,0.05922143579373104,0.09207280080889788,0.20271991911021234,0.11728008088978767,0.0,0.0,0.0,0.0,0.0,0.0,0.0,0.0,0.0,0.0,0.0,0.0,0.0,0.0,0.0,0.0,0.0,0.0,0.0,0.7021356810223449,0.0,0.0,0.0,0.0,0.0,0.0,0.0,0.6541489721913508,0.0,0.0,0.0,0.0,0.0,0.0,0.0,0.0,0.0,0.0,0.0,0.0,0.0,0.0,0.0,0.0,0.0,0.0,0.0,0.0,0.0,0.0,0.0,0.0,0.0,0.0,0.0,0.0,0.0,0.0,0.0,0.0,0.0,0.0,0.0,0.0,0.0,0.0,0.0,0.0,0.0,0.2812376354905001,0.0,0.0,0.0,0.0
0,"Adventure,Indie,RPG",16.0,127.98035,73.40422896907347,0.09045454545454545,0.28106060606060607,0.5375757575757576,0.08742424242424242,0.0034848484848484847,92.20515151515151,51.040744604928406,0.20272727272727273,0.19636363636363635,0.3856060606060606,0.15893939393939394,0.056363636363636366,117.15,64.93708085290692,0.20924242424242423,0.09287878787878788,0.2221212121212121,0.291969696969697,0.18378787878787878,151.32939393939395,73.05854014084511,0.22151515151515153,0.17136363636363636,0.41893939393939394,0.1668181818181818,0.021363636363636362,119.35,65.76679587294747,0.2960606060606061,0.16606060606060605,0.2783333333333333,0.20909090909090908,0.05045454545454545,131.74348484848485,67.1019472235282,0.24015151515151514,0.03424242424242424,0.12090909090909091,0.5575757575757576,0.04712121212121212,193.95136363636362,62.38328421665252,0.13661764705882354,0.5589705882352941,0.15558823529411764,0.1163235294117647,0.0325,83.19029411764706,70.67265649729097,0.2773529411764706,0.23323529411764707,0.20147058823529412,0.22411764705882353,0.06382352941176471,127.48411764705882,76.89609517805971,0.22661764705882353,0.09779411764705882,0.3088235294117647,0.22191176470588236,0.1448529411764706,136.5325,64.90590113829042,0.09863498483316481,0.09486349848331647,0.0374721941354904,0.07432760364004044,0.15770475227502528,0.08130434782608696,0.04308392315470172,0.09703741152679474,0.14347826086956522,0.17209302325581396,0.0,0.0,0.0,0.0,0.0,0.0,0.0,0.0,0.0,0.0,0.0,0.0,0.0,0.0,0.0,0.0,0.0,0.0,0.0,0.0,0.0,0.0,0.0,0.0,0.0,0.0,0.0,0.0,0.6197157735259223,0.0,0.0,0.0,0.0,0.0,0.0,0.0,0.0,0.0,0.0,0.0,0.0,0.0,0.0,0.0,0.0,0.0,0.0,0.0,0.0,0.0,0.0,0.651302264659455,0.0,0.0,0.0,0.0,0.0,0.0,0.0,0.0,0.0,0.0,0.0,0.0,0.0,0.0,0.0,0.0,0.0,0.43790149587850563,0.0,0.0,0.0,0.0
0,"Action,Adventure,Casual,Indie",7.0,123.15178333333333,71.04155763931223,0.010151515151515151,0.10787878787878788,0.7698484848484849,0.11212121212121212,0.0,105.99090909090908,58.178710381013055,0.01787878787878788,0.13075757575757577,0.7389393939393939,0.11196969696969697,0.00045454545454545455,102.05045454545454,59.29239845835976,0.009393939393939394,0.10924242424242424,0.7712121212121212,0.11015151515151515,0.0,105.53984848484849,57.97905515218991,0.78,0.13348484848484848,0.08075757575757576,0.005454545454545455,0.00030303030303030303,127.2469696969697,43.98961213361341,0.5542424242424242,0.3371212121212121,0.09181818181818181,0.016363636363636365,0.00045454545454545455,103.98575757575757,59.78653018107629,0.8228787878787879,0.09045454545454545,0.07712121212121212,0.009393939393939394,0.00015151515151515152,133.39515151515153,39.000010576627325,0.33647058823529413,0.3623529411764706,0.04014705882352941,0.2610294117647059,0.0,131.24161764705883,90.81817000614784,0.23441176470588235,0.2698529411764706,0.03264705882352941,0.46308823529411763,0.0,157.72132352941176,92.02185235047693,0.34058823529411764,0.32176470588235295,0.04,0.29764705882352943,0.0,139.40867647058823,89.51648820196743,0.053488372093023255,0.04366026289180991,0.011951466127401415,0.02718907987866532,0.015025278058645095,0.22823053589484327,0.023478260869565216,0.05104145601617796,0.3781092012133468,0.16782608695652174,0.0,0.0,0.0,0.0,0.0,0.0,0.0,0.0,0.0,0.0,0.0,0.0,0.0,0.0,0.0,0.0,0.0,0.0,0.0,0.0,0.0,0.0,0.0,0.0,0.0,0.7695243418240278,0.0,0.0,0.0,0.0,0.0,0.0,0.0,0.0,0.0,0.0,0.0,0.0,0.0,0.0,0.0,0.0,0.0,0.0,0.0,0.0,0.0,0.0,0.0,0.0,0.0,0.0,0.0,0.0,0.0,0.0,0.0,0.0,0.0,0.0,0.0,0.0,0.0,0.0,0.0,0.0,0.4103632085508196,0.0,0.0,0.48932026772674486,0.0,0.0,0.0,0.0
0,"Action,Casual,Racing",3.0,78.12448333333333,55.576097265218756,0.08212121212121212,0.5721212121212121,0.12363636363636364,0.07575757575757576,0.14636363636363636,74.35954545454545,64.79446735480884,0.0809090909090909,0.5995454545454545,0.08727272727272728,0.09924242424242424,0.13303030303030303,78.89424242424242,69.16665664243679,0.06818181818181818,0.6671212121212121,0.10136363636363636,0.05757575757575758,0.10575757575757576,66.2759090909091,55.84302752052759,0.1103030303030303,0.37106060606060604,0.38954545454545453,0.0446969696969697,0.0843939393939394,79.4219696969697,52.07241143334856,0.15484848484848485,0.4959090909090909,0.24136363636363636,0.034545454545454546,0.07333333333333333,73.91287878787878,53.86451705690107,0.041363636363636366,0.44696969696969696,0.2706060606060606,0.030757575757575758,0.2103030303030303,70.68515151515152,49.71816896243307,0.1535294117647059,0.2625,0.5802941176470588,0.0,0.003676470588235294,80.9025,46.940143921776155,0.2635294117647059,0.2298529411764706,0.4323529411764706,0.0007352941176470588,0.07352941176470588,91.60470588235295,54.61704841763853,0.07294117647058823,0.24147058823529413,0.5494117647058824,0.015294117647058824,0.12088235294117647,86.32235294117648,44.66704174212883,0.03567239635995956,0.06518705763397371,0.024236602628918098,0.07745197168857432,0.225793731041456,0.17678463094034377,0.049838220424671384,0.07130434782608695,0.1777148634984833,0.09601617795753287,0.0,0.0,0.0,0.0,0.0,0.0,0.0,0.0,0.0,0.0,0.0,0.0,0.0,0.0,0.0,0.0,0.0,0.0,0.0,0.0,0.0,0.0,0.0,0.0,0.0,0.0,0.0,0.0,0.0,0.0,0.0,0.0,0.0,0.0,0.0,0.0,0.0,0.0,0.0,0.0,0.0,0.0,0.0,0.0,0.0,0.0,0.0,0.0,0.0,0.0,0.0,0.0,0.0,0.0,0.0,0.0,0.0,0.0,0.0,0.0,0.0,0.0,0.0,0.0,0.0,0.0,0.4911589758952852,0.0,0.0,0.0,0.0,0.0,0.0,0.871069951494996
0,Indie,3.0,192.20331666666667,99.29845355794681,0.00196969696969697,0.11348484848484848,0.0024242424242424242,0.8821212121212121,0.0,225.25878787878787,81.16790117003731,0.022424242424242423,0.35,0.04681818181818182,0.5807575757575758,0.0,154.84272727272727,119.52953277196056,0.00196969696969697,0.11348484848484848,0.0024242424242424242,0.8821212121212121,0.0,225.265,81.1694929957174,0.2224242424242424,0.013636363636363636,0.08106060606060606,0.6828787878787879,0.0,209.19757575757575,54.577224078020336,0.10212121212121213,0.5025757575757576,0.07015151515151515,0.32515151515151514,0.0,102.01727272727273,110.78696320779088,0.19166666666666668,0.012575757575757575,0.07257575757575757,0.7231818181818181,0.0,214.75166666666667,54.368618373919425,0.012205882352941176,0.11044117647058824,0.0045588235294117645,0.8727941176470588,0.0,222.77970588235294,80.00620380303218,0.020441176470588237,0.35794117647058826,0.04647058823529412,0.5751470588235295,0.0,152.42558823529413,119.48627803793983,0.014705882352941176,0.11044117647058824,0.0045588235294117645,0.8702941176470588,0.0,222.64779411764707,80.0388172985199,0.007906976744186046,0.016835187057633975,0.006238624873609707,0.036825075834175935,0.07429726996966633,0.14411526794742163,0.0082103134479272,0.022204246713852377,0.6322244691607685,0.051142568250758344,0.0,0.0,0.0,0.0,0.0,0.0,0.0,0.0,0.0,0.0,0.0,0.0,0.0,0.0,0.0,0.0,0.0,0.0,0.0,0.0,0.0,0.0,0.0,0.0,0.0,0.0,0.0,0.0,0.0,0.0,0.0,0.0,0.0,0.0,0.0,0.0,0.0,0.0,0.0,0.0,0.0,0.0,0.0,0.0,0.0,0.0,0.0,0.0,0.0,0.0,0.0,0.0,0.0,0.0,0.0,1.0,0.0,0.0,0.0,0.0,0.0,0.0,0.0,0.0,0.0,0.0,0.0,0.0,0.0,0.0,0.0,0.0,0.0,0.0
0,"Indie,Simulation",7.0,106.16668333333334,47.76005583469366,0.0,0.42924242424242426,0.048484848484848485,0.0,0.5222727272727272,84.07984848484848,50.215883820319554,0.0,0.4486363636363636,0.04727272727272727,0.0,0.5040909090909091,82.1369696969697,50.06194977285331,0.0,0.39954545454545454,0.061515151515151516,0.0,0.5389393939393939,85.92060606060606,49.56156318244246,0.01106060606060606,0.0603030303030303,0.031363636363636364,0.00030303030303030303,0.896969696969697,127.4180303030303,28.444144240508265,0.11075757575757576,0.12318181818181818,0.10469696969696969,0.06257575757575758,0.5987878787878788,113.62575757575758,55.22738069989861,0.0,0.08712121212121213,0.024696969696969696,0.0,0.8881818181818182,122.70348484848485,33.6480012460745,0.0026470588235294116,0.11529411764705882,0.010294117647058823,0.0,0.8717647058823529,121.67397058823529,34.50119817355478,0.06838235294117648,0.2488235294117647,0.09470588235294118,0.008823529411764706,0.5792647058823529,96.35132352941176,53.69743899042693,0.0,0.11529411764705882,0.014558823529411765,0.0,0.8701470588235294,120.96911764705882,34.62493897787334,0.01671385237613751,0.03089989888776542,0.01146612740141557,0.035025278058645096,0.07124368048533873,0.139211324570273,0.02519716885743175,0.036006066734074825,0.5343276036400404,0.09990899898887766,0.0,0.0,0.0,0.0,0.0,0.0,0.0,0.0,0.0,0.0,0.0,0.0,0.0,0.0,0.0,0.0,0.0,0.0,0.0,0.0,0.8934781181987612,0.0,0.1930941582039412,0.17912106115346027,0.0,0.0,0.0,0.0,0.0,0.0,0.0,0.0,0.0,0.0,0.2978260393995871,0.0,0.0,0.0,0.0,0.0,0.0,0.0,0.0,0.0,0.0,0.0,0.0,0.0,0.0,0.0,0.0,0.0,0.0,0.0,0.0,0.0,0.0,0.0,0.0,0.0,0.0,0.0,0.0,0.0,0.0,0.0,0.12479707919736269,0.1674887551393619,0.0,0.0,0.0,0.0,0.0,0.0
0,Strategy,3.0,141.29561666666666,49.49343957320393,0.0,0.0,0.014696969696969696,0.0,0.9853030303030303,129.4731818181818,20.9622649900338,0.00030303030303030303,0.0,0.0,0.21666666666666667,0.7830303030303031,182.22045454545454,26.597266431187442,0.0,0.0,0.0,0.0,1.0,158.6739393939394,14.965608643050002,0.22454545454545455,0.0018181818181818182,0.2203030303030303,0.021515151515151515,0.5318181818181819,141.10954545454547,32.750854253573955,0.34045454545454545,0.0,0.0009090909090909091,0.19242424242424241,0.4662121212121212,177.61363636363637,31.052450185684787,0.23984848484848484,0.00196969696969697,0.24878787878787878,0.012424242424242424,0.49696969696969695,139.65924242424242,30.98143783518076,0.3386764705882353,0.2160294117647059,0.3332352941176471,0.10205882352941177,0.01,110.68602941176471,63.574956539035966,0.4219117647058824,0.15676470588235294,0.24676470588235294,0.14544117647058824,0.02911764705882353,127.04088235294118,63.33788318439665,0.3386764705882353,0.22691176470588234,0.34441176470588236,0.08235294117647059,0.007647058823529412,107.56529411764706,60.88113419922532,0.03329625884732053,0.061577350859454,0.03836198179979777,0.11803842264914055,0.23616784630940343,0.1844994944388271,0.07096056622851366,0.0719211324570273,0.0907077856420627,0.09446916076845298,0.0,0.0,0.0,0.0,0.0,0.0,0.0,0.0,0.0,0.0,0.0,0.0,0.0,0.0,0.0,0.0,0.0,0.0,0.0,0.0,0.0,0.0,0.0,0.0,0.0,0.0,0.0,0.4951072924262468,0.0,0.0,0.0,0.0,0.0,0.0,0.0,0.0,0.0,0.0,0.0,0.0,0.0,0.0,0.0,0.0,0.0,0.0,0.0,0.0,0.0,0.0,0.0,0.0,0.0,0.0,0.0,0.0,0.0,0.0,0.0,0.0,0.0,0.0,0.0,0.0,0.0,0.0,0.0,0.0,0.4951072924262468,0.0,0.0,0.0,0.7139590590311897,0.0
0,"Casual,Indie",3.0,43.04285,52.298504572732924,0.0036363636363636364,0.5171212121212121,0.47,0.005454545454545455,0.003787878787878788,38.74075757575758,27.75532555016741,0.0,0.21333333333333335,0.7866666666666666,0.0,0.0,49.71727272727273,10.4873836968239,0.0,0.524090909090909,0.4740909090909091,0.0018181818181818182,0.0,37.05954545454546,22.953449594303617,0.14575757575757575,0.6618181818181819,0.04833333333333333,0.06772727272727273,0.07636363636363637,70.85636363636364,74.46122423147222,0.1190909090909091,0.5787878787878787,0.11242424242424243,0.1559090909090909,0.03378787878787879,88.44333333333333,79.71684055252545,0.13484848484848486,0.6766666666666666,0.09348484848484849,0.08287878787878789,0.012121212121212121,64.70575757575757,71.60742362608414,0.0,1.0,0.0,0.0,0.0,12.753970588235294,10.730587073422937,0.0,1.0,0.0,0.0,0.0,15.011911764705882,9.452248683180374,0.0,1.0,0.0,0.0,0.0,12.781029411764706,10.741035611110082,0.04736097067745197,0.06398382204246714,0.015035389282103134,0.050930232558139533,0.08264914054600607,0.15115267947421637,0.029737108190091,0.055176946410515675,0.38600606673407484,0.11796764408493428,0.0,0.0,0.0,0.0,0.0,0.0,0.0,0.0,0.0,0.0,0.0,0.0,0.0,0.0,0.0,0.0,0.0,0.0,0.0,0.0,0.0,0.0,0.0,0.0,0.0,0.0,0.0,0.0,0.0,0.0,0.0,0.0,0.0,0.0,0.0,0.0,0.0,0.0,0.0,0.0,0.0,0.0,0.0,0.0,0.0,0.0,0.0,0.0,0.0,0.0,0.0,0.0,0.0,0.0,0.0,0.0,0.0,0.0,0.0,0.0,0.0,0.0,0.0,0.0,0.0,0.0,0.0,0.0,0.0,0.0,0.0,0.0,0.0,0.0
0,"Action,Indie",3.0,59.90356666666667,49.65490140908101,0.0021212121212121214,0.6287878787878788,0.31833333333333336,0.0016666666666666668,0.04909090909090909,37.48227272727273,45.684252186776725,0.04393939393939394,0.07787878787878788,0.5886363636363636,0.0007575757575757576,0.2887878787878788,99.47424242424242,32.412066639139475,0.02666666666666667,0.3922727272727273,0.49893939393939396,0.00015151515151515152,0.08196969696969697,61.74409090909091,41.63784476408206,0.01606060606060606,0.5312121212121212,0.35378787878787876,0.0036363636363636364,0.0953030303030303,48.530151515151516,47.4089046741357,0.04924242424242424,0.015151515151515152,0.6075757575757575,0.0033333333333333335,0.3246969696969697,103.70106060606061,29.58179516080322,0.017424242424242425,0.44227272727272726,0.4172727272727273,0.00045454545454545455,0.12257575757575757,58.68212121212121,45.778020215976994,0.00926470588235294,0.7844117647058824,0.15308823529411764,0.0,0.05323529411764706,26.346470588235295,39.01983604771183,0.033823529411764704,0.34941176470588237,0.3457352941176471,0.0022058823529411764,0.2688235294117647,76.6735294117647,47.89468722117142,0.006176470588235294,0.7488235294117647,0.1723529411764706,0.0013235294117647058,0.0713235294117647,27.97441176470588,41.46662291325941,0.0262891809908999,0.04468149646107179,0.0284732052578362,0.1012639029322548,0.1640242669362993,0.17609706774519718,0.05870576339737108,0.05290192113245703,0.27585439838220427,0.0717087967644085,0.0,0.5276927343046133,0.0,0.0,0.0,0.0,0.0,0.0,0.0,0.0,0.0,0.0,0.0,0.0,0.0,0.0,0.0,0.0,0.5700498333822832,0.0,0.0,0.0,0.0,0.0,0.0,0.0,0.0,0.0,0.0,0.0,0.6297488115296067,0.0,0.0,0.0,0.0,0.0,0.0,0.0,0.0,0.0,0.0,0.0,0.0,0.0,0.0,0.0,0.0,0.0,0.0,0.0,0.0,0.0,0.0,0.0,0.0,0.0,0.0,0.0,0.0,0.0,0.0,0.0,0.0,0.0,0.0,0.0,0.0,0.0,0.0,0.0,0.0,0.0,0.0,0.0
0,Action,3.0,82.15051666666666,68.71473224910645,0.00015151515151515152,0.685,0.3148484848484848,0.0,0.0,42.249242424242425,20.04875495345421,0.0,0.5418181818181819,0.4581818181818182,0.0,0.0,40.0580303030303,19.263085966915547,0.0,0.41333333333333333,0.5866666666666667,0.0,0.0,46.83015151515151,22.499833668908717,0.38151515151515153,0.009545454545454546,0.20363636363636364,0.4053030303030303,0.0,173.6940909090909,56.60802942503541,0.31545454545454543,0.038181818181818185,0.3524242424242424,0.28545454545454546,0.008484848484848486,149.44166666666666,66.36965756810163,0.16696969696969696,0.01893939393939394,0.33560606060606063,0.4081818181818182,0.0703030303030303,157.88333333333333,71.93816175133763,0.005588235294117647,0.7075,0.28691176470588237,0.0,0.0,42.59676470588235,20.50288476411354,0.0007352941176470588,0.5935294117647059,0.4057352941176471,0.0,0.0,47.2625,19.969279485293523,0.0007352941176470588,0.5736764705882353,0.42558823529411766,0.0,0.0,42.7875,17.04638972256382,0.0575530839231547,0.08285136501516684,0.033225480283114256,0.09348837209302326,0.13749241658240646,0.1522952477249747,0.05601617795753286,0.0880788675429727,0.15295247724974723,0.14604651162790697,0.0,0.3520504988400683,0.3520504988400683,0.0,0.0,0.0,0.0,0.0,0.0,0.0,0.0,0.0,0.0,0.0,0.0,0.0,0.0,0.0,0.0,0.5240893740561681,0.0,0.0,0.2723940864215665,0.505365032951706,0.0,0.0,0.0,0.2441355244018288,0.2970803113833991,0.0,0.0,0.0,0.0,0.0,0.0,0.0,0.0,0.0,0.0,0.0,0.0,0.0,0.0,0.0,0.0,0.0,0.0,0.0,0.0,0.0,0.0,0.0,0.0,0.0,0.0,0.0,0.0,0.0,0.0,0.0,0.0,0.0,0.0,0.0,0.0,0.0,0.0,0.0,0.0,0.0,0.0,0.0,0.0,0.0
0,Action,7.0,29.8026,35.03754224504529,0.0027272727272727275,0.9792424242424242,0.018030303030303032,0.0,0.0,14.023333333333333,12.686382622339753,0.0012121212121212121,0.8428787878787879,0.037121212121212124,0.0,0.11878787878787879,36.63666666666666,37.185763662884746,0.0,0.8177272727272727,0.030454545454545453,0.0,0.15181818181818182,46.556363636363635,37.994347730999834,0.0018181818181818182,0.8568181818181818,0.14136363636363636,0.0,0.0,25.036969696969695,20.043441379474114,0.005303030303030303,0.7328787878787879,0.0993939393939394,0.0018181818181818182,0.1606060606060606,42.48878787878788,42.18292985625862,0.0009090909090909091,0.7115151515151515,0.07863636363636364,0.0006060606060606061,0.20833333333333334,44.015,45.17836958136386,0.0,0.995,0.005,0.0,0.0,12.402941176470588,7.668422082269201,0.018235294117647058,0.9488235294117647,0.018823529411764704,0.01411764705882353,0.0,20.263676470588237,33.1933821985299,0.023823529411764705,0.9358823529411765,0.019705882352941177,0.020588235294117647,0.0,27.68029411764706,36.6329547864226,0.03247724974721941,0.0498685540950455,0.015146612740141558,0.07314459049544995,0.07156723963599596,0.16075834175935289,0.04466127401415571,0.08002022244691608,0.3826996966632963,0.0896562184024267,0.0,0.0,0.0,0.0,0.0,0.0,0.0,0.0,0.0,0.0,0.0,0.0,0.0,0.0,0.0,0.0,0.0,0.0,0.0,0.0,0.0,0.0,0.6127032769189786,0.5683655173970448,0.0,0.0,0.0,0.0,0.0,0.0,0.0,0.0,0.0,0.0,0.0,0.0,0.0,0.0,0.0,0.0,0.0,0.0,0.0,0.0,0.0,0.0,0.0,0.0,0.0,0.0,0.0,0.0,0.0,0.0,0.0,0.0,0.0,0.549140540378085,0.0,0.0,0.0,0.0,0.0,0.0,0.0,0.0,0.0,0.0,0.0,0.0,0.0,0.0,0.0,0.0
0,"Action,Indie",3.0,42.9527,78.29576976254847,0.16121212121212122,0.5092424242424243,0.04303030303030303,0.2862121212121212,0.00030303030303030303,88.83287878787878,93.92252018431569,0.0,1.0,0.0,0.0,0.0,0.0,0.0,0.0,1.0,0.0,0.0,0.0,0.0,0.0,0.33454545454545453,0.32181818181818184,0.05848484848484849,0.28484848484848485,0.00030303030303030303,120.40515151515152,88.48013355588898,0.08015151515151515,0.7553030303030303,0.09484848484848485,0.0696969696969697,0.0,36.39636363636364,64.94908391908523,0.07515151515151515,0.7728787878787878,0.09545454545454546,0.05651515151515152,0.0,33.10166666666667,61.588508350654074,0.2526470588235294,0.4733823529411765,0.06132352941176471,0.2125,0.00014705882352941175,102.80573529411765,103.66132807221138,0.017941176470588235,0.9683823529411765,0.006617647058823529,0.007058823529411765,0.0,5.650735294117647,31.728233614288584,0.0,1.0,0.0,0.0,0.0,0.0,0.0,0.036390293225480284,0.029403437815975732,0.00845298281092012,0.029504550050556116,0.026814964610717897,0.03930232558139535,0.013033367037411528,0.029393326592517696,0.7352072800808898,0.05249747219413549,0.0,0.0,0.0,0.0,0.0,0.0,0.0,0.0,0.0,0.0,0.0,0.0,0.0,0.0,0.0,0.0,0.0,0.0,0.0,0.0,0.0,0.0,0.8828017249406991,0.0,0.2852400282666704,0.0,0.0,0.0,0.24070182174338528,0.0,0.0,0.0,0.0,0.0,0.0,0.0,0.0,0.0,0.0,0.0,0.0,0.0,0.0,0.0,0.0,0.0,0.0,0.0,0.0,0.0,0.0,0.0,0.0,0.0,0.0,0.0,0.0,0.0,0.0,0.0,0.0,0.0,0.0,0.0,0.0,0.0,0.0,0.0,0.0,0.0,0.0,0.0,0.2852400282666704,0.0
0,Casual,3.0,157.46243333333334,36.988294843263894,0.9910606060606061,0.0,0.0,0.00893939393939394,0.0,172.97954545454544,7.960586991418025,0.6327272727272727,0.0,0.0,0.36727272727272725,0.0,193.84378787878788,33.46323614850725,0.9906060606060606,0.0,0.0,0.009393939393939394,0.0,171.00939393939393,8.19417214906107,0.785,0.0,0.01681818181818182,0.19818181818181818,0.0,176.65878787878788,24.6165551288061,0.6104545454545455,0.0,0.044848484848484846,0.3446969696969697,0.0,184.74939393939394,36.610822827649464,0.7662121212121212,0.0,0.09863636363636363,0.13515151515151516,0.0,165.8409090909091,29.990839395695517,0.40308823529411764,0.0,0.5969117647058824,0.0,0.0,120.94735294117648,14.247926331848626,0.4751470588235294,0.0,0.5248529411764706,0.0,0.0,120.08191176470588,16.74765732145605,0.26044117647058823,0.0,0.7395588235294117,0.0,0.0,114.58926470588236,14.104670775832972,0.024954499494438828,0.0561577350859454,0.027391304347826086,0.0961577350859454,0.1604752275025278,0.20593528816986856,0.06508594539939333,0.0809201213346815,0.19262891809909,0.09029322548028311,0.0,0.0,0.0,0.0,0.0,0.0,0.0,0.0,0.0,0.0,0.0,0.0,0.0,0.0,0.0,0.5368575537260405,0.0,0.0,0.0,0.0,0.0,0.0,0.0,0.0,0.0,0.0,0.0,0.0,0.0,0.0,0.0,0.0,0.0,0.0,0.0,0.0,0.0,0.0,0.0,0.0,0.0,0.0,0.0,0.0,0.0,0.0,0.0,0.0,0.0,0.0,0.0,0.0,0.0,0.0,0.0,0.7874960648136693,0.0,0.0,0.0,0.0,0.0,0.0,0.0,0.0,0.0,0.0,0.30271094283206357,0.0,0.0,0.0,0.0,0.0,0.0,0.0
25,"Indie,RPG",3.0,159.18945,98.63412826551213,0.024545454545454544,0.23863636363636365,0.31303030303030305,0.42378787878787877,0.0,140.81681818181818,98.72832599367011,0.04287878787878788,0.2633333333333333,0.3496969696969697,0.3284848484848485,0.015606060606060606,124.92439393939394,94.15230027651987,0.10651515151515152,0.05515151515151515,0.12984848484848485,0.6954545454545454,0.013030303030303031,205.9090909090909,74.26563650733911,0.037121212121212124,0.3240909090909091,0.1618181818181818,0.476969696969697,0.0,144.71727272727273,106.85260056314696,0.043333333333333335,0.3416666666666667,0.22924242424242425,0.3751515151515151,0.010606060606060607,126.49833333333333,101.2659130642556,0.10454545454545454,0.019545454545454546,0.10015151515151516,0.7301515151515151,0.04560606060606061,215.21984848484848,64.14622027629235,0.017794117647058825,0.2847058823529412,0.36308823529411766,0.33441176470588235,0.0,119.92323529411765,97.6195239699575,0.028088235294117646,0.24720588235294116,0.3163235294117647,0.4076470588235294,0.0007352941176470588,136.59691176470588,99.24820055795578,0.06485294117647059,0.04867647058823529,0.08058823529411764,0.7775,0.02838235294117647,218.18588235294118,67.89093442546383,0.05135490394337715,0.07107178968655208,0.03247724974721941,0.07367037411526794,0.10306370070778564,0.11303336703741153,0.03487360970677452,0.07995955510616784,0.29737108190091,0.14312436804853387,0.0,0.0,0.0,0.0,0.0,0.0,0.0,0.0,0.0,0.0,0.0,0.0,0.0,0.0,0.0,0.0,0.0,0.0,0.0,1.0,0.0,0.0,0.0,0.0,0.0,0.0,0.0,0.0,0.0,0.0,0.0,0.0,0.0,0.0,0.0,0.0,0.0,0.0,0.0,0.0,0.0,0.0,0.0,0.0,0.0,0.0,0.0,0.0,0.0,0.0,0.0,0.0,0.0,0.0,0.0,0.0,0.0,0.0,0.0,0.0,0.0,0.0,0.0,0.0,0.0,0.0,0.0,0.0,0.0,0.0,0.0,0.0,0.0,0.0
0,"Action,Adventure,Casual,Indie,RPG",3.0,71.15973333333334,49.052902244368326,0.053636363636363635,0.5577272727272727,0.2221212121212121,0.1665151515151515,0.0,84.20924242424242,78.63588705393622,0.050606060606060606,0.5233333333333333,0.2553030303030303,0.16560606060606062,0.005151515151515152,84.84939393939393,78.82424474892703,0.03424242424242424,0.5865151515151515,0.2642424242424242,0.08257575757575758,0.032424242424242425,69.91015151515151,61.65428014812194,0.02984848484848485,0.17893939393939393,0.7437878787878788,0.01818181818181818,0.029242424242424243,65.89969696969698,31.604759900891846,0.020303030303030302,0.17469696969696968,0.7881818181818182,0.012727272727272728,0.004090909090909091,63.095,27.299182569069607,0.010454545454545454,0.2775757575757576,0.701969696969697,0.007424242424242424,0.002575757575757576,57.79590909090909,24.552960969206378,0.039264705882352945,0.08764705882352941,0.7430882352941176,0.03323529411764706,0.09676470588235295,77.63411764705883,38.25642907274441,0.016911764705882352,0.02014705882352941,0.9488235294117647,0.006029411764705882,0.008088235294117648,69.77691176470589,19.270369571027413,0.035,0.11676470588235294,0.8261764705882353,0.009411764705882352,0.012647058823529412,67.23191176470588,26.930786218474122,0.05942366026289181,0.08920121334681497,0.03561172901921132,0.07856420626895855,0.1244994944388271,0.11300303336703742,0.05473205257836198,0.09695652173913044,0.18915065722952476,0.15885743174924166,0.0,0.0,0.0,0.0,0.0,0.0,0.0,0.0,0.0,0.0,0.0,0.0,0.0,0.0,0.0,0.0,0.0,0.0,0.6345805157515725,0.0,0.0,0.0,0.0,0.0,0.0,0.0,0.0,0.4073624925946819,0.0,0.0,0.0,0.0,0.0,0.0,0.0,0.0,0.0,0.0,0.0,0.0,0.0,0.0,0.0,0.0,0.0,0.0,0.0,0.0,0.0,0.0,0.0,0.0,0.0,0.0,0.0,0.0,0.0,0.0,0.0,0.0,0.0,0.0,0.0,0.0,0.0,0.0,0.2937534810162366,0.0,0.0,0.0,0.0,0.5874285156905132,0.0,0.0
0,"Casual,Indie,Simulation,Strategy,Early Access",7.0,34.667,63.809702848913716,0.23606060606060605,0.6203030303030304,0.12106060606060606,0.011212121212121211,0.011363636363636364,55.32712121212121,71.74201332943665,0.1653030303030303,0.634090909090909,0.07469696969696969,0.12515151515151515,0.0007575757575757576,64.35742424242424,87.21372028234252,0.0,1.0,0.0,0.0,0.0,0.0,0.0,0.2096969696969697,0.7198484848484848,0.060454545454545455,0.0022727272727272726,0.007727272727272728,41.958333333333336,67.07623381404748,0.24984848484848485,0.4622727272727273,0.1415151515151515,0.12181818181818181,0.024545454545454544,87.24,84.20879519313162,0.07106060606060606,0.7140909090909091,0.2146969696969697,0.0,0.00015151515151515152,32.34348484848485,49.03403011244285,0.0,1.0,0.0,0.0,0.0,0.0,0.0,0.009705882352941177,0.8041176470588235,0.03073529411764706,0.0,0.15544117647058822,24.449411764705882,47.912626663246364,0.0014705882352941176,0.9220588235294118,0.07647058823529412,0.0,0.0,8.480882352941176,22.40780298279086,0.03300303336703741,0.03827098078867543,0.0178159757330637,0.0393427704752275,0.06537917087967644,0.04827098078867543,0.023549039433771485,0.03082912032355915,0.6462082912032356,0.057330637007077856,0.0,0.0,0.4066156061114994,0.0,0.0,0.4852552973569885,0.0,0.0,0.0,0.0,0.0,0.0,0.0,0.0,0.0,0.0,0.0,0.4066156061114994,0.0,0.0,0.0,0.0,0.0,0.0,0.0,0.0,0.0,0.0,0.0,0.0,0.0,0.0,0.0,0.0,0.0,0.0,0.0,0.0,0.0,0.0,0.0,0.0,0.0,0.0,0.0,0.0,0.0,0.0,0.0,0.0,0.0,0.0,0.0,0.0,0.0,0.0,0.0,0.0,0.0,0.0,0.0,0.0,0.0,0.0,0.0,0.0,0.20333495317362044,0.27289355169531754,0.563949288838219,0.0,0.0,0.0,0.0,0.0
0,"Action,Adventure,Casual,Indie",3.0,154.49508333333333,58.55577918383794,0.7166666666666667,0.00030303030303030303,0.05242424242424242,0.2306060606060606,0.0,174.49757575757576,28.347860699605903,0.10181818181818182,0.0,0.0,0.8981818181818182,0.0,208.9980303030303,9.041645854414863,0.7733333333333333,0.0,0.0740909090909091,0.1525757575757576,0.0,167.07242424242423,29.300205245977065,0.5856060606060606,0.16893939393939394,0.060454545454545455,0.185,0.0,142.69863636363635,67.65644226501034,0.09636363636363636,0.30924242424242426,0.035,0.5593939393939394,0.0,140.9781818181818,93.13162797904667,0.5463636363636364,0.23924242424242423,0.1143939393939394,0.1,0.0,119.60318181818182,71.61364747747142,0.7044117647058824,0.04588235294117647,0.24838235294117647,0.0013235294117647058,0.0,137.36073529411766,39.92227764545154,0.785,0.04411764705882353,0.03882352941176471,0.13205882352941176,0.0,169.7969117647059,41.24185576490697,0.6073529411764705,0.03470588235294118,0.35764705882352943,0.0002941176470588235,0.0,130.24058823529413,37.31938543258374,0.04302325581395349,0.07758341759352881,0.02793731041456016,0.09619817997977756,0.11014155712841253,0.1858948432760364,0.051708796764408496,0.10133468149646108,0.16225480283114257,0.1439231547017189,0.0,0.0,0.0,0.0,0.0,0.0,0.0,0.0,0.0,0.0,0.0,0.0,0.0,0.0,0.0,0.0,0.0,0.0,0.0,0.0,0.0,0.0,0.0,0.0,0.0,0.0,0.0,0.0,0.0,0.0,0.0,0.0,0.0,0.0,0.0,0.0,0.0,0.0,0.0,0.0,0.0,0.0,0.0,0.0,0.0,0.0,0.0,0.0,0.0,0.0,0.0,0.0,0.0,0.0,0.0,0.610091233780103,0.6252954274942437,0.0,0.0,0.0,0.0,0.0,0.0,0.0,0.0,0.0,0.31268946532848113,0.0,0.0,0.3728533399234226,0.0,0.0,0.0,0.0
0,"Casual,Indie",3.0,76.40071666666667,40.610175771018966,0.0,0.6574242424242425,0.3425757575757576,0.0,0.0,47.87833333333333,12.850040099375391,0.0,0.40545454545454546,0.5945454545454546,0.0,0.0,61.57121212121212,20.00012322046523,0.00015151515151515152,0.6790909090909091,0.32075757575757574,0.0,0.0,46.32863636363636,12.610963170190049,0.00196969696969697,0.15757575757575756,0.8393939393939394,0.0010606060606060607,0.0,73.11348484848484,22.970145313746254,0.09363636363636364,0.3287878787878788,0.4503030303030303,0.12727272727272726,0.0,90.33227272727272,73.03346091358762,0.006818181818181818,0.18666666666666668,0.785,0.021515151515151515,0.0,76.60530303030303,35.36164420624102,0.06,0.10176470588235294,0.8382352941176471,0.0,0.0,85.39397058823529,25.592845831674147,0.4516176470588235,0.03985294117647059,0.5083823529411765,0.00014705882352941175,0.0,120.80294117647058,39.06685811674887,0.021029411764705883,0.10205882352941177,0.8769117647058824,0.0,0.0,83.73985294117647,24.058179481797325,0.023852376137512638,0.052285136501516685,0.017735085945399392,0.08475227502527806,0.15711830131445906,0.24294236602628919,0.06483316481294236,0.07825075834175935,0.1858139534883721,0.09241658240647119,0.0,0.0,0.0,0.0,0.0,0.0,0.0,0.0,0.0,0.0,0.0,0.0,0.447439246349584,0.0,0.0,0.0,0.0,0.0,0.0,0.0,0.0,0.0,0.0,0.0,0.0,0.0,0.0,0.0,0.0,0.0,0.0,0.0,0.0,0.0,0.0,0.0,0.0,0.0,0.0,0.0,0.0,0.0,0.0,0.0,0.41025877538298494,0.0,0.0,0.5302310649415779,0.0,0.0,0.0,0.0,0.0,0.0,0.0,0.0,0.0,0.367697928337431,0.0,0.0,0.0,0.0,0.0,0.0,0.0,0.0,0.26515093651258054,0.0,0.0,0.0,0.38057074267625074,0.0,0.0,0.0
0,"Casual,Indie,Simulation,Strategy",3.0,137.91943333333333,91.73830684259197,0.38484848484848483,0.20515151515151514,0.09575757575757576,0.31424242424242427,0.0,141.75272727272727,81.69244471103197,0.1784848484848485,0.020151515151515153,0.4259090909090909,0.3748484848484849,0.0006060606060606061,154.88848484848484,66.45263513124317,0.20257575757575758,0.2087878787878788,0.2687878787878788,0.29075757575757577,0.02909090909090909,128.18212121212122,81.28655549715074,0.13757575757575757,0.2740909090909091,0.07651515151515151,0.5118181818181818,0.0,154.55030303030304,99.99942219484126,0.2637878787878788,0.008484848484848486,0.2681818181818182,0.4177272727272727,0.04181818181818182,167.85681818181817,65.4729318268034,0.20606060606060606,0.0,0.2853030303030303,0.5039393939393939,0.004696969696969697,182.7912121212121,72.57226314039436,0.07838235294117647,0.5429411764705883,0.07044117647058823,0.30823529411764705,0.0,97.70102941176471,104.91200037397878,0.10720588235294118,0.4052941176470588,0.2161764705882353,0.2713235294117647,0.0,101.4614705882353,97.2781290827356,0.1,0.36176470588235293,0.20470588235294118,0.3335294117647059,0.0,115.10558823529412,103.38354501822971,0.08532861476238625,0.07646107178968656,0.024448938321536905,0.05971688574317492,0.1021840242669363,0.13176946410515672,0.033963599595551064,0.07652173913043478,0.24135490394337714,0.16825075834175934,0.0,0.0,0.0,0.0,0.0,0.0,0.0,0.0,0.0,0.0,0.0,0.0,0.0,0.0,0.0,0.0,0.0,0.0,0.0,0.0,0.0,0.0,0.0,0.0,0.0,0.0,0.0,0.0,0.0,0.0,0.0,0.0,0.0,0.0,0.0,0.0,0.0,0.0,0.3478615703787851,0.0,0.0,0.0,0.0,0.0,0.24915376575640014,0.0,0.0,0.0,0.0,0.0,0.0,0.0,0.0,0.0,0.7685833683103784,0.0,0.0,0.22330618868682328,0.0,0.0,0.0,0.0,0.0,0.0,0.0,0.0,0.16102849784084236,0.2161145342405904,0.0,0.0,0.0,0.0,0.32201399330920827,0.0
0,Action,3.0,139.45485,53.75599620641559,0.08393939393939394,0.0,0.3156060606060606,0.1987878787878788,0.40166666666666667,134.4919696969697,54.45194653057665,0.08287878787878789,0.0,0.30303030303030304,0.19045454545454546,0.42363636363636364,134.10469696969696,53.98428875593278,0.09818181818181818,0.0,0.1484848484848485,0.4351515151515152,0.3181818181818182,168.40984848484848,58.807756084844954,0.08151515151515151,0.011212121212121211,0.23287878787878788,0.11181818181818182,0.5625757575757576,126.34363636363636,43.508753268960525,0.09424242424242424,0.0,0.29787878787878785,0.14863636363636365,0.45924242424242423,130.48848484848486,48.45394427583924,0.10363636363636364,0.0,0.1706060606060606,0.1318181818181818,0.593939393939394,132.43651515151515,39.726430786157295,0.08176470588235295,0.0026470588235294116,0.3698529411764706,0.2161764705882353,0.32955882352941174,135.00132352941176,58.16271924534629,0.09073529411764705,0.0,0.2686764705882353,0.19602941176470587,0.4445588235294118,136.1729411764706,51.44201564579699,0.1025,0.0,0.16441176470588234,0.34058823529411764,0.3925,157.33676470588236,56.99898968251095,0.06279069767441861,0.08085945399393327,0.03790697674418605,0.09275025278058645,0.13307381193124368,0.15613751263902934,0.050869565217391305,0.08559150657229525,0.1360060667340748,0.16401415571284125,0.0,0.0,0.0,0.0,0.0,0.0,0.0,0.0,0.0,0.0,0.0,0.0,0.0,0.0,0.0,0.0,0.0,0.0,0.0,0.0,0.0,0.0,0.0,0.38627924277329606,0.5381844458672639,0.0,0.0,0.0,0.0,0.0,0.0,0.0,0.0,0.0,0.0,0.0,0.0,0.0,0.0,0.0,0.0,0.0,0.0,0.0,0.0,0.0,0.0,0.0,0.0,0.0,0.0,0.0,0.0,0.0,0.0,0.0,0.0,0.0,0.0,0.0,0.0,0.0,0.0,0.0,0.0,0.0,0.0,0.0,0.0,0.641820999525198,0.38627924277329606,0.0,0.0,0.0
0,"Indie,Simulation,Strategy",7.0,101.55618333333334,53.43715445985488,0.03848484848484848,0.5431818181818182,0.41833333333333333,0.0,0.0,54.152272727272724,24.858130692016594,0.21242424242424243,0.0,0.785,0.0012121212121212121,0.0013636363636363637,96.92121212121212,30.503872159327255,0.7804545454545454,0.0,0.11727272727272728,0.10227272727272728,0.0,155.9598484848485,29.14627259252286,0.024242424242424242,0.4059090909090909,0.5046969696969696,0.06121212121212121,0.00393939393939394,73.13878787878788,51.39495446038753,0.30924242424242426,0.0,0.4556060606060606,0.23515151515151514,0.0,143.50424242424242,64.88074594302265,0.30257575757575755,0.052575757575757574,0.5093939393939394,0.11893939393939394,0.016515151515151514,122.56484848484848,53.382119133272155,0.2475,0.03705882352941176,0.7083823529411765,0.0017647058823529412,0.005294117647058823,98.23691176470588,36.73119634017452,0.2447058823529412,0.12323529411764705,0.6038235294117648,0.02823529411764706,0.0,96.75264705882353,45.97490676245694,0.047058823529411764,0.225,0.6858823529411765,0.0175,0.024558823529411765,73.86029411764706,34.561210149129884,0.045227502527805864,0.07124368048533873,0.03559150657229525,0.09651162790697675,0.16726996966632962,0.14030333670374115,0.061749241658240646,0.08841253791708797,0.17643073811931242,0.11725985844287158,0.0,0.0,0.0,0.0,0.0,0.0,0.0,0.0,0.0,0.0,0.0,0.0,0.0,0.0,0.0,0.0,0.0,0.0,0.0,0.0,0.0,0.0,0.0,0.0,0.0,0.0,0.0,0.0,0.0,0.0,0.0,0.0,0.0,0.0,0.0,0.0,0.0,0.0,0.0,0.0,0.0,0.0,0.0,0.0,0.0,0.0,0.0,0.0,0.0,0.0,0.0,0.0,0.0,0.0,0.0,0.0,0.0,0.0,0.0,0.0,0.0,0.0,0.0,0.0,0.0,0.0,0.0,0.695440987152931,0.718583212570233,0.0,0.0,0.0,0.0,0.0
0,"Casual,Indie",3.0,25.358533333333334,36.45273040320696,0.0,0.9995454545454545,0.00045454545454545455,0.0,0.0,10.551666666666666,7.1654091391429375,0.08545454545454545,0.3968181818181818,0.4824242424242424,0.0353030303030303,0.0,68.05621212121213,44.417690553841524,0.0,0.9984848484848485,0.0015151515151515152,0.0,0.0,11.568181818181818,8.605982047230006,0.0,1.0,0.0,0.0,0.0,7.903030303030303,2.1960687807969075,0.004242424242424243,0.9413636363636364,0.005303030303030303,0.04909090909090909,0.0,41.163030303030304,41.42856681558054,0.0,1.0,0.0,0.0,0.0,8.260909090909092,2.6564590964532986,0.0,1.0,0.0,0.0,0.0,10.129411764705882,4.056007121742551,0.006470588235294118,0.5773529411764706,0.31676470588235295,0.09941176470588235,0.0,59.957058823529415,57.73645430796182,0.0,1.0,0.0,0.0,0.0,10.500588235294117,4.7205744548085455,0.008058645096056622,0.011739130434782608,0.0019009100101112235,0.051415571284125376,0.032901921132457025,0.16587462082912033,0.019130434782608695,0.051577350859453995,0.6311122345803842,0.0262891809908999,0.0,0.0,0.0,0.0,0.0,0.0,0.0,0.0,0.0,0.0,0.0,0.0,0.0,0.0,0.0,0.0,0.0,0.0,0.0,0.0,0.0,0.0,0.0,0.0,0.0,0.0,0.0,0.0,0.0,0.0,0.0,0.0,0.0,0.0,0.0,0.0,0.0,0.0,0.0,0.0,0.0,0.0,0.0,0.0,0.0,0.0,0.0,0.0,0.0,0.0,0.0,0.0,0.0,0.0,0.0,0.661630770676307,0.0,0.7053804790055945,0.0,0.0,0.0,0.0,0.0,0.0,0.0,0.0,0.25432873044961685,0.0,0.0,0.0,0.0,0.0,0.0,0.0
0,Casual,3.0,191.12758333333332,61.73557407059878,0.09363636363636364,0.0,0.0010606060606060607,0.9053030303030303,0.0,217.84469696969697,21.438650364554835,0.02181818181818182,0.03909090909090909,0.16196969696969696,0.7771212121212121,0.0,185.0569696969697,63.5986689628609,0.085,0.08848484848484849,0.7603030303030303,0.06575757575757575,0.00045454545454545455,92.33606060606061,44.706678061214234,0.5172727272727272,0.0,0.0,0.4827272727272727,0.0,204.36363636363637,26.827748165385486,0.3828787878787879,0.07,0.06545454545454546,0.4816666666666667,0.0,183.5690909090909,58.165277175223046,0.11454545454545455,0.11166666666666666,0.27151515151515154,0.48409090909090907,0.01818181818181818,155.57924242424244,75.71805412606825,0.032058823529411765,0.0,0.0,0.9679411764705882,0.0,235.7635294117647,15.636682716189583,0.11044117647058824,0.0004411764705882353,0.0025,0.8866176470588235,0.0,221.85132352941176,21.176473794423778,0.0725,0.015294117647058824,0.028529411764705883,0.8716176470588235,0.012058823529411764,220.60676470588234,40.23289276352258,0.04108190091001011,0.06865520728008088,0.0286046511627907,0.09745197168857432,0.16175935288169868,0.1466835187057634,0.05502527805864509,0.09741152679474216,0.19,0.11332659251769464,0.0,0.0,0.0,0.0,0.0,0.0,0.0,0.0,0.0,0.0,0.0,0.0,0.0,0.0,0.0,0.0,0.0,0.0,0.0,0.0,0.0,0.0,0.0,0.0,0.0,0.0,0.0,0.0,0.0,0.0,0.0,0.0,0.0,0.0,0.0,0.0,0.0,0.0,0.0,0.0,0.0,0.0,0.0,0.0,0.0,0.0,0.23489326815782582,0.0,0.0,0.0,0.0,0.0,0.0,0.0,0.0,0.814660961293346,0.5009779644580832,0.0,0.0,0.0,0.0,0.0,0.0,0.0,0.0,0.0,0.0,0.0,0.17370592921996836,0.0,0.0,0.0,0.0,0.0
0,"Adventure,Casual,Indie,Early Access",3.0,238.35888333333332,45.50886931232623,0.0,0.0,0.0,1.0,0.0,249.0,0.0,0.029696969696969697,0.02303030303030303,0.030454545454545453,0.9168181818181819,0.0,235.27515151515152,46.47272632032373,0.0,0.0,0.0,1.0,0.0,249.0,0.0,0.025454545454545455,0.012272727272727272,0.014090909090909091,0.9334848484848485,0.014696969696969696,240.06939393939393,36.213931308887354,0.060909090909090906,0.02181818181818182,0.016666666666666666,0.8804545454545455,0.020151515151515153,232.6271212121212,45.86562941255195,0.0,0.0,0.0,1.0,0.0,249.0,0.0,0.016911764705882352,0.057058823529411766,0.02235294117647059,0.9036764705882353,0.0,232.375,61.84239188310498,0.04,0.08191176470588235,0.027941176470588237,0.8501470588235294,0.0,223.43308823529412,70.29176124757676,0.0075,0.05161764705882353,0.017794117647058825,0.9230882352941177,0.0,235.18014705882354,58.78274596773942,0.008988877654196158,0.009888776541961578,0.00320525783619818,0.014135490394337714,0.00980788675429727,0.06710819009100101,0.006400404448938322,0.012861476238624873,0.8377249747219414,0.029878665318503538,0.0,0.0,0.0,0.0,0.0,0.0,0.0,0.0,0.0,0.0,0.0,0.0,0.0,0.0,0.0,0.0,0.0,0.0,0.0,0.0,0.0,0.0,0.0,0.0,0.0,0.0,0.0,0.0,0.0,0.0,0.0,0.0,0.0,0.0,0.0,0.0,0.0,0.0,0.0,0.0,0.0,0.0,0.0,0.0,0.0,0.0,0.0,0.0,0.0,0.0,0.0,0.0,0.0,0.0,0.0,0.0,0.0,0.0,0.0,0.0,0.0,0.0,0.0,0.0,0.0,0.0,1.0,0.0,0.0,0.0,0.0,0.0,0.0,0.0
0,"Action,Adventure",3.0,76.13113333333334,42.84835279660377,0.02378787878787879,0.0,0.9754545454545455,0.0007575757575757576,0.0,67.2480303030303,16.82901973411413,0.08015151515151515,0.24818181818181817,0.6375757575757576,0.03409090909090909,0.0,71.47424242424242,44.44027933594007,0.0,0.955,0.045,0.0,0.0,21.696666666666665,12.292734529884807,0.24621212121212122,0.07606060606060606,0.6545454545454545,0.023181818181818182,0.0,93.3859090909091,51.375144458317074,0.043333333333333335,0.08803030303030303,0.8578787878787879,0.010757575757575757,0.0,81.36060606060606,29.02832931229411,0.0,0.6586363636363637,0.34136363636363637,0.0,0.0,38.87833333333333,25.985057774137285,0.06455882352941177,0.08794117647058823,0.8333823529411765,0.013970588235294118,0.00014705882352941175,83.6310294117647,34.895422025705265,0.09455882352941176,0.0,0.885,0.020441176470588237,0.0,117.79735294117647,24.06050202508173,0.3398529411764706,0.036470588235294116,0.6236764705882353,0.0,0.0,107.27441176470589,25.13045945264507,0.012719919110212335,0.03462082912032356,0.014721941354903944,0.10414560161779575,0.1665318503538928,0.23540950455005055,0.06674418604651162,0.08142568250758342,0.22332659251769463,0.060353892821031346,0.0,0.0,0.0,0.0,0.0,0.0,0.0,0.0,0.0,0.0,0.0,0.0,0.4740130775938854,0.0,0.0,0.4981732014961883,0.0,0.0,0.0,0.0,0.0,0.0,0.0,0.0,0.0,0.0,0.0,0.0,0.0,0.0,0.0,0.0,0.0,0.0,0.0,0.0,0.0,0.0,0.0,0.0,0.0,0.0,0.0,0.0,0.0,0.0,0.0,0.0,0.0,0.0,0.0,0.0,0.0,0.0,0.0,0.18268786247444316,0.0,0.0,0.0,0.0,0.0,0.0,0.0,0.0,0.0,0.0,0.0,0.0,0.19476792442559462,0.16747277107644415,0.6047597873339569,0.0,0.0,0.24908660074809416
0,"Adventure,Casual,Indie,RPG,Early Access",12.0,91.31101666666666,58.910979610197074,0.30924242424242426,0.21348484848484847,0.41409090909090907,0.06227272727272727,0.0009090909090909091,106.26151515151516,54.727084072126935,0.05954545454545455,0.2633333333333333,0.6574242424242425,0.018787878787878787,0.0009090909090909091,78.36939393939394,40.55806801921009,0.08196969696969697,0.5021212121212121,0.38106060606060604,0.03484848484848485,0.0,64.74954545454545,51.31578261361639,0.26015151515151513,0.2871212121212121,0.31772727272727275,0.13424242424242425,0.0007575757575757576,108.96863636363636,70.27914095011371,0.1693939393939394,0.15606060606060607,0.5424242424242425,0.1321212121212121,0.0,112.51212121212122,62.16759731650018,0.04348484848484849,0.4903030303030303,0.37227272727272726,0.09393939393939393,0.0,71.79727272727273,64.56560059691826,0.18955882352941175,0.24529411764705883,0.4395588235294118,0.12558823529411764,0.0,104.14220588235294,63.296084683893,0.2210294117647059,0.3291176470588235,0.42514705882352943,0.024705882352941175,0.0,87.49735294117647,54.62712366628782,0.1514705882352941,0.23911764705882352,0.6082352941176471,0.001176470588235294,0.0,87.34794117647058,40.16728397145616,0.10557128412537917,0.0983417593528817,0.06135490394337715,0.08193124368048534,0.0907381193124368,0.07813953488372093,0.06044489383215369,0.09975733063700708,0.12962588473205258,0.19409504550050555,0.0,0.0,0.0,0.0,0.0,0.0,0.0,0.0,0.0,0.0,0.0,0.0,0.5276782515592402,0.0,0.0,0.0,0.0,0.0,0.0,0.0,0.0,0.0,0.0,0.0,0.0,0.0,0.0,0.0,0.0,0.0,0.0,0.0,0.0,0.0,0.0,0.0,0.0,0.0,0.0,0.0,0.0,0.0,0.0,0.0,0.0,0.0,0.0,0.0,0.0,0.0,0.0,0.0,0.0,0.0,0.0,0.4067415706796214,0.0,0.0,0.0,0.0,0.0,0.0,0.0,0.0,0.0,0.0,0.0,0.0,0.0,0.7457324972887112,0.0,0.0,0.0,0.0
0,"Indie,Simulation",3.0,109.64453333333333,75.54209738140861,0.6048484848484849,0.12712121212121213,0.20318181818181819,0.06484848484848485,0.0,140.23757575757577,55.85256224448941,0.15757575757575756,0.5606060606060606,0.1593939393939394,0.08848484848484849,0.03393939393939394,78.08606060606061,66.02579514004442,0.5325757575757576,0.17666666666666667,0.23257575757575757,0.05818181818181818,0.0,129.51257575757575,60.496522509890724,0.09106060606060606,0.43166666666666664,0.4612121212121212,0.01606060606060606,0.0,65.46969696969697,48.427061585931135,0.13666666666666666,0.26151515151515153,0.2921212121212121,0.2793939393939394,0.030303030303030304,122.0490909090909,82.51692029842843,0.18803030303030302,0.3184848484848485,0.4634848484848485,0.03,0.0,80.27227272727272,58.757699335477284,0.03338235294117647,0.4264705882352941,0.3263235294117647,0.21382352941176472,0.0,88.8785294117647,79.23697301105726,0.3166176470588235,0.005441176470588235,0.10323529411764706,0.5735294117647058,0.001176470588235294,192.53088235294118,47.111366048822646,0.04029411764705882,0.38676470588235295,0.37426470588235294,0.1986764705882353,0.0,88.52176470588235,76.9477790632593,0.054388270980788675,0.04627906976744186,0.014772497472194135,0.03831142568250758,0.01980788675429727,0.12053589484327604,0.029504550050556116,0.06083923154701719,0.49462082912032357,0.12094034378159757,0.0,0.0,0.0,0.0,0.0,0.0,0.0,0.0,0.0,0.0,0.0,0.0,0.0,0.0,0.0,0.0,0.0,0.0,0.0,0.0,0.0,0.0,0.0,0.0,0.0,0.0,0.0,0.532406849271028,0.0,0.0,0.0,0.0,0.0,0.0,0.0,0.0,0.0,0.0,0.0,0.0,0.0,0.0,0.0,0.0,0.0,0.0,0.0,0.0,0.0,0.0,0.0,0.0,0.0,0.0,0.0,0.0,0.0,0.0,0.0,0.0,0.0,0.0,0.0,0.0,0.0,0.0,0.383924313439094,0.5152604991977003,0.0,0.0,0.5510459929680588,0.0,0.0,0.0
50,"Action,Casual,Indie",3.0,144.17925,56.6214172032471,0.33,0.0,0.2515151515151515,0.13727272727272727,0.2812121212121212,146.77560606060607,50.71049540607605,0.2646969696969697,0.013181818181818182,0.3068181818181818,0.1603030303030303,0.255,140.7251515151515,53.89245382725208,0.2706060606060606,0.009848484848484848,0.2046969696969697,0.17772727272727273,0.3371212121212121,148.56833333333333,50.13341168242185,0.16696969696969696,0.005151515151515152,0.2128787878787879,0.23393939393939395,0.38106060606060604,148.9439393939394,59.17286854936106,0.19227272727272726,0.0,0.19015151515151515,0.2515151515151515,0.3660606060606061,153.31848484848484,59.03081699654913,0.14878787878787877,0.00030303030303030303,0.13727272727272727,0.32666666666666666,0.38696969696969696,161.3398484848485,59.59603749265154,0.08397058823529412,0.012794117647058824,0.13,0.3305882352941176,0.4426470588235294,156.2635294117647,56.481592206058494,0.022205882352941176,0.1111764705882353,0.1413235294117647,0.06632352941176471,0.6589705882352941,103.2870588235294,48.929609796920445,0.10235294117647059,0.007941176470588234,0.18838235294117647,0.21764705882352942,0.4836764705882353,139.40882352941176,49.547641171651556,0.068948432760364,0.08728008088978767,0.038382204246713854,0.09664307381193124,0.18295247724974723,0.12285136501516683,0.04959555106167846,0.0841557128412538,0.11932254802831142,0.14986855409504551,0.0,0.0,0.0,0.0,0.0,0.0,0.0,0.0,0.0,0.0,0.0,0.0,0.0,0.0,0.0,0.0,0.0,0.0,0.0,0.0,0.0,0.0,0.14064500857427206,0.7828041018771823,0.0,0.0,0.0,0.0,0.0,0.21692912025207733,0.0,0.0,0.0,0.0,0.0,0.0,0.0,0.0,0.19636465617950313,0.0,0.0,0.0,0.0,0.0,0.2812900171485441,0.16120947264684624,0.0,0.0,0.0,0.0,0.0,0.16120947264684624,0.0,0.0,0.0,0.0,0.0,0.2521085782283787,0.0,0.0,0.0,0.0,0.0,0.0,0.0,0.0,0.09089910558153246,0.12199466634195098,0.0,0.21677759483532666,0.13046735031286372,0.0,0.0,0.0
0,"Adventure,Indie",3.0,127.07301666666666,68.46593521769096,0.9660606060606061,0.0013636363636363637,0.006212121212121212,0.026363636363636363,0.0,179.9628787878788,12.525428107986485,0.15045454545454545,0.11696969696969697,0.6427272727272727,0.08954545454545454,0.00030303030303030303,96.58727272727273,57.47003663426535,0.07909090909090909,0.16590909090909092,0.631969696969697,0.12303030303030303,0.0,91.94484848484848,57.804180834492755,0.5762121212121212,0.04212121212121212,0.11606060606060606,0.2656060606060606,0.0,173.62515151515152,48.34023455148097,0.4343939393939394,0.06575757575757575,0.35924242424242425,0.1403030303030303,0.00030303030303030303,136.8728787878788,64.26191711824804,0.035454545454545454,0.31424242424242427,0.5812121212121212,0.030757575757575758,0.03833333333333333,64.68757575757576,42.57883202422644,0.6666176470588235,0.008970588235294117,0.011176470588235295,0.31323529411764706,0.0,189.15573529411765,21.33580281621209,0.36661764705882355,0.1338235294117647,0.24838235294117647,0.2510294117647059,0.00014705882352941175,141.8460294117647,71.0358006186215,0.06411764705882353,0.3517647058823529,0.5019117647058824,0.06544117647058824,0.016764705882352942,68.42308823529412,54.05329583349014,0.06649140546006067,0.06519716885743175,0.02403437815975733,0.06359959555106168,0.10670374115267947,0.10400404448938322,0.033822042467138526,0.08933265925176946,0.32659251769464104,0.12022244691607685,0.0,0.0,0.0,0.0,0.0,0.0,0.0,0.0,0.0,0.0,0.0,0.0,0.0,0.0,0.0,0.0,0.0,0.0,0.0,0.0,0.0,0.0,0.0,0.0,0.0,0.0,0.0,0.0,0.0,0.0,0.0,0.0,0.0,0.0,0.0,0.0,0.0,0.0,0.0,0.0,0.0,0.0,0.0,0.0,0.0,0.0,0.0,0.0,0.0,0.0,0.0,0.0,0.0,0.0,0.0,0.34802254329346294,0.0,0.3710352044874733,0.5779906488836247,0.0,0.0,0.0,0.0,0.0,0.0,0.0,0.0,0.0,0.0,0.638075227691512,0.0,0.0,0.0,0.0
57,"Casual,Indie,Simulation,Strategy",3.0,75.11878333333334,71.76042972176975,0.43424242424242426,0.3557575757575758,0.21,0.0,0.0,85.38969696969697,62.99900636469178,0.08863636363636364,0.31742424242424244,0.593939393939394,0.0,0.0,70.81272727272727,42.80156916358341,0.0,0.9959090909090909,0.004090909090909091,0.0,0.0,9.712727272727273,7.412431520549243,0.6336363636363637,0.2206060606060606,0.03318181818181818,0.11242424242424243,0.00015151515151515152,135.73924242424243,71.91638688405016,0.48757575757575755,0.08363636363636363,0.2515151515151515,0.12727272727272726,0.05,133.0080303030303,53.611131496758375,0.04727272727272727,0.8465151515151516,0.045909090909090906,0.0603030303030303,0.0,28.49469696969697,62.23442705827546,0.6426470588235295,0.34852941176470587,0.008676470588235294,0.00014705882352941175,0.0,108.41191176470588,76.71496252855059,0.4011764705882353,0.16720588235294118,0.39897058823529413,0.0,0.03264705882352941,101.0725,47.077203890024535,0.0,0.9994117647058823,0.000588235294117647,0.0,0.0,3.793529411764706,3.540316438459854,0.02687563195146613,0.0496056622851365,0.022588473205257836,0.1005763397371082,0.18675429726996967,0.18740141557128412,0.06787664307381193,0.07464105156723963,0.20099089989888777,0.08268958543983822,0.0,0.0,0.0,0.0,0.0,0.0,0.0,0.0,0.0,0.0,0.0,0.0,0.0,0.0,0.0,0.0,0.0,0.0,0.0,0.0,0.0,0.0,0.0,0.0,0.0,0.0,0.0,0.0,0.0,0.0,0.0,0.0,0.0,0.0,0.0,0.0,0.0,0.0,0.0,0.0,0.0,0.0,0.0,0.0,0.0,0.0,0.43279669211158567,0.0,0.0,0.0,0.0,0.0,0.0,0.0,0.0,0.30020661895112544,0.0,0.0,0.0,0.0,0.5507927721661541,0.0,0.0,0.0,0.0,0.0,0.23079690865153335,0.30974993300063747,0.32005749741647854,0.0,0.0,0.0,0.0,0.40931808618142373
0,"Action,Adventure,Indie,RPG,Early Access",3.0,98.3669,51.56849022794831,0.22075757575757576,0.20666666666666667,0.44712121212121214,0.12545454545454546,0.0,106.76106060606061,63.34533800809625,0.3377272727272727,0.10106060606060606,0.5198484848484849,0.041363636363636366,0.0,109.34636363636363,47.548661219287304,0.10484848484848484,0.288030303030303,0.5965151515151516,0.010606060606060607,0.0,73.65378787878788,39.7688813652825,0.3842424242424242,0.1731818181818182,0.365,0.07287878787878788,0.004696969696969697,112.23242424242424,55.98580645508359,0.5157575757575757,0.13696969696969696,0.29424242424242425,0.04818181818181818,0.0048484848484848485,115.55575757575758,51.51158075325204,0.24924242424242424,0.20712121212121212,0.519090909090909,0.02409090909090909,0.00045454545454545455,92.77242424242424,46.184961118496005,0.2766176470588235,0.2097058823529412,0.5007352941176471,0.012941176470588235,0.0,92.73897058823529,45.15912010161487,0.36823529411764705,0.15191176470588236,0.4761764705882353,0.003676470588235294,0.0,99.32882352941176,42.678026359123436,0.1260294117647059,0.27308823529411763,0.5305882352941177,0.0686764705882353,0.0016176470588235294,83.50426470588235,52.50094939803124,0.0740546006066734,0.09216380182002022,0.05917087967644085,0.10265925176946411,0.15677451971688575,0.10876643073811931,0.06420626895854398,0.09036400404448938,0.10007077856420626,0.15176946410515674,0.0,0.0,0.0,0.0,0.0,0.0,0.0,0.0,0.0,0.0,0.0,0.0,0.0,0.0,0.0,0.0,0.0,0.0,0.0,0.0,0.0,0.0,0.0,0.0,0.0,0.0,0.0,0.0,0.0,0.0,0.0,0.0,0.0,0.0,0.0,0.0,0.0,0.0,0.0,0.0,0.0,0.0,0.0,0.0,0.0,0.0,0.0,0.0,0.0,0.0,0.0,0.0,0.0,0.0,0.0,0.0,0.0,0.4459370260105775,0.0,0.0,0.0,0.0,0.0,0.0,0.0,0.0,0.0,0.0,0.0,0.7668850986817384,0.4615489294243265,0.0,0.0,0.0
0,"Action,Adventure,Indie",3.0,98.73073333333333,32.16970306767258,0.043787878787878785,0.04424242424242424,0.8828787878787879,0.02909090909090909,0.0,94.02712121212122,31.05262918967359,0.0009090909090909091,0.005909090909090909,0.9931818181818182,0.0,0.0,91.67424242424242,8.116739355148242,0.0,0.0,1.0,0.0,0.0,92.51878787878788,5.106497202807157,0.03015151515151515,0.07242424242424242,0.818939393939394,0.04242424242424243,0.036060606060606064,102.77757575757576,33.85683647273074,0.04666666666666667,0.00196969696969697,0.8272727272727273,0.12242424242424242,0.0016666666666666668,118.43075757575758,43.06355830596832,0.04454545454545455,0.0,0.7222727272727273,0.18348484848484847,0.0496969696969697,128.91530303030302,50.011695078302864,0.02323529411764706,0.006029411764705882,0.9035294117647059,0.04147058823529412,0.025735294117647058,92.29191176470589,28.9809408850101,0.0007352941176470588,0.003235294117647059,0.9932352941176471,0.00014705882352941175,0.0026470588235294116,84.71132352941177,7.7907404323057765,0.0,0.0,1.0,0.0,0.0,84.28720588235294,5.89673497533823,0.012062689585439839,0.018311425682507584,0.004762386248736097,0.021496461071789687,0.040535894843276035,0.22961577350859455,0.012254802831142568,0.026562184024266935,0.5906976744186047,0.043700707785642064,0.0,0.0,0.0,0.0,0.0,0.0,0.0,0.0,0.0,0.0,0.0,0.0,0.3607234370162445,0.0,0.0,0.0,0.0,0.0,0.0,0.0,0.0,0.0,0.0,0.0,0.0,0.0,0.0,0.29643635773067945,0.0,0.0,0.0,0.0,0.0,0.0,0.0,0.0,0.0,0.0,0.0,0.0,0.0,0.0,0.0,0.0,0.3307487144446898,0.0,0.0,0.0,0.0,0.0,0.0,0.0,0.0,0.0,0.0,0.0,0.0,0.29643635773067945,0.0,0.0,0.0,0.0,0.0,0.0,0.0,0.0,0.0,0.0,0.0,0.7646795809429658,0.0,0.0,0.0,0.0
0,"Indie,Simulation",3.0,180.0319,85.28341192199493,0.04787878787878788,0.1987878787878788,0.037121212121212124,0.7162121212121212,0.0,177.91439393939393,90.95390327021285,0.04303030303030303,0.185,0.03727272727272727,0.7346969696969697,0.0,180.67303030303032,88.72583785424895,0.016666666666666666,0.0,0.08833333333333333,0.895,0.0,227.4678787878788,36.93723831431281,0.05136363636363636,0.29515151515151516,0.06757575757575758,0.5859090909090909,0.0,154.00151515151515,104.7017611388801,0.06484848484848485,0.2759090909090909,0.04621212121212121,0.613030303030303,0.0,161.83545454545455,103.45522476344051,0.02909090909090909,0.0,0.5166666666666667,0.4542424242424242,0.0,179.51181818181817,63.26396729023778,0.09558823529411764,0.21235294117647058,0.049705882352941176,0.6423529411764706,0.0,172.65661764705882,93.97444208416604,0.10794117647058823,0.1676470588235294,0.0836764705882353,0.6407352941176471,0.0,178.8895588235294,86.69275196879501,0.08838235294117647,0.0,0.3483823529411765,0.5632352941176471,0.0,187.3725,51.42255664574929,0.027856420626895854,0.03654196157735086,0.006430738119312437,0.034671385237613754,0.05366026289180991,0.08187057633973711,0.014924165824064712,0.03417593528816987,0.625783619817998,0.08408493427704752,0.0,0.0,0.0,0.0,0.0,0.0,0.0,0.0,0.0,0.0,0.0,0.0,0.5246795649636514,0.0,0.0,0.0,0.0,0.0,0.0,0.0,0.0,0.0,0.0,0.0,0.0,0.0,0.0,0.0,0.0,0.0,0.0,0.0,0.0,0.0,0.0,0.0,0.0,0.7420129509233048,0.0,0.0,0.0,0.0,0.0,0.0,0.0,0.0,0.0,0.0,0.0,0.0,0.0,0.0,0.0,0.0,0.0,0.0,0.0,0.0,0.0,0.0,0.0,0.0,0.0,0.0,0.0,0.0,0.0,0.41728663382816705,0.0,0.0,0.0,0.0,0.0,0.0
20,"Indie,RPG",16.0,61.76201666666667,55.16690052860551,0.08818181818181818,0.5436363636363636,0.2786363636363636,0.019393939393939394,0.07015151515151515,62.538030303030304,45.18394132538741,0.0,0.4734848484848485,0.3609090909090909,0.0,0.16560606060606062,55.608333333333334,23.85151205951632,0.0,0.6631818181818182,0.20045454545454544,0.0,0.13636363636363635,47.24363636363636,23.918448036480736,0.12515151515151515,0.4539393939393939,0.15393939393939393,0.2240909090909091,0.04287878787878788,97.42348484848485,77.01651275110216,0.05924242424242424,0.47,0.29984848484848486,0.03878787878787879,0.1321212121212121,62.538333333333334,54.77986013134847,0.009393939393939394,0.47,0.2959090909090909,0.02106060606060606,0.20363636363636364,55.93833333333333,44.95900810008417,0.1327941176470588,0.2811764705882353,0.24529411764705883,0.2735294117647059,0.06720588235294117,108.80852941176471,80.90897091366296,0.005588235294117647,0.8791176470588236,0.05838235294117647,0.008823529411764706,0.04808823529411765,35.966911764705884,27.9396238635969,0.0,0.9089705882352941,0.03735294117647059,0.0008823529411764706,0.052794117647058825,30.10779411764706,20.3844375000368,0.06038422649140546,0.06757330637007078,0.029777553083923155,0.0979979777553084,0.1859251769464105,0.14546006066734074,0.059919110212335695,0.08368048533872599,0.1323154701718908,0.13696663296258849,0.0,0.0,0.0,0.0,0.0,0.0,0.1373064923328932,0.41191947699867953,0.1373064923328932,0.0,0.6865324616644659,0.0,0.0,0.0,0.0,0.0,0.0,0.0,0.0,0.0,0.0,0.0,0.0,0.0,0.0,0.0,0.0,0.31914705156547546,0.3883593167707589,0.0,0.0,0.0,0.0,0.0,0.0,0.0,0.0,0.0,0.0,0.0,0.0,0.0,0.24858020100603767,0.0,0.0,0.0,0.0,0.0,0.0,0.0,0.0,0.0,0.0,0.0,0.0,0.0,0.0,0.0,0.0,0.0,0.0,0.0,0.0,0.0,0.0,0.0,0.0,0.0,0.0,0.0,0.08258003450440196,0.0,0.0,0.0
50,"Simulation,Strategy,Early Access",3.0,79.8559,63.496721977253806,0.26696969696969697,0.15666666666666668,0.4871212121212121,0.08166666666666667,0.007575757575757576,107.78484848484848,56.22476603673984,0.056666666666666664,0.5962121212121212,0.2509090909090909,0.025606060606060604,0.0706060606060606,53.537727272727274,49.542489578366876,0.3610606060606061,0.13515151515151516,0.45196969696969697,0.03727272727272727,0.014545454545454545,109.64075757575758,51.273531532260535,0.2312121212121212,0.30363636363636365,0.43742424242424244,0.021212121212121213,0.0065151515151515155,84.89015151515152,60.09485350809054,0.2043939393939394,0.6115151515151516,0.09696969696969697,0.08287878787878789,0.004242424242424243,65.67848484848484,77.65278756030676,0.2965151515151515,0.4681818181818182,0.20015151515151516,0.029696969696969697,0.005454545454545455,78.20893939393939,69.52868480703721,0.19617647058823529,0.25470588235294117,0.46852941176470586,0.08058823529411764,0.0,93.76823529411764,58.099752883477116,0.2325,0.49058823529411766,0.23970588235294119,0.029705882352941176,0.0075,72.32117647058824,64.73713879831567,0.07044117647058823,0.5858823529411765,0.3245588235294118,0.013970588235294118,0.005147058823529412,53.47882352941176,49.977266818183615,0.039282103134479274,0.06381193124368048,0.034014155712841256,0.10012133468149646,0.28020222446916077,0.16382204246713852,0.0548938321536906,0.062406471183013144,0.10982810920121334,0.09161779575328614,0.0,0.0,0.0,0.0,0.0,0.0,0.0,0.0,0.0,0.0,0.0,0.0,0.0,0.0,0.0,0.0,0.0,0.0,0.0,0.7145931837743393,0.0,0.0,0.0,0.0,0.0,0.0,0.0,0.0,0.0,0.0,0.0,0.0,0.0,0.0,0.0,0.0,0.0,0.0,0.0,0.0,0.0,0.0,0.0,0.0,0.0,0.0,0.0,0.0,0.0,0.0,0.0,0.0,0.0,0.0,0.0,0.0,0.0,0.0,0.0,0.0,0.0,0.0,0.0,0.0,0.0,0.0,0.0,0.21477140116232893,0.6657550803005736,0.0,0.0,0.0,0.0,0.0
0,"Action,Adventure,Strategy",12.0,71.70461666666667,49.58570390767608,0.00015151515151515152,0.41803030303030303,0.43333333333333335,0.0,0.1484848484848485,51.4230303030303,19.604648874283114,0.05515151515151515,0.12757575757575756,0.2501515151515151,0.08818181818181818,0.47893939393939394,94.29742424242424,55.26640323649447,0.005757575757575757,0.35378787878787876,0.47,0.0006060606060606061,0.16984848484848486,57.19621212121212,23.222706055950184,0.02772727272727273,0.34454545454545454,0.4478787878787879,0.03984848484848485,0.14,65.09863636363636,48.50094780037226,0.057727272727272724,0.5436363636363636,0.3,0.004393939393939394,0.09424242424242424,53.44681818181818,42.26285949751077,0.004242424242424243,0.3378787878787879,0.5790909090909091,0.0016666666666666668,0.07712121212121212,55.349242424242426,21.70319064733487,0.041176470588235294,0.35102941176470587,0.41808823529411765,0.04441176470588235,0.14529411764705882,66.43117647058824,52.31035465850208,0.0686764705882353,0.08323529411764706,0.18205882352941177,0.2363235294117647,0.42970588235294116,119.50308823529411,75.25705745207658,0.0058823529411764705,0.020588235294117647,0.38941176470588235,0.02088235294117647,0.5632352941176471,81.02485294117648,28.91296472847671,0.05399393326592518,0.08730030333670374,0.043882709807886756,0.10220424671385238,0.14854398382204248,0.13950455005055612,0.0759757330637007,0.09262891809908999,0.11867542972699696,0.1372901921132457,0.0,0.0,0.0,0.0,0.0,0.0,0.0,0.0,0.0,0.0,0.0,0.0,0.47565669491371726,0.22422792334454306,0.0,0.499900592871995,0.0,0.18788990754858192,0.0,0.0,0.0,0.0,0.0,0.2697141166748295,0.0,0.0,0.0,0.2605910303227411,0.0,0.0,0.0,0.0,0.0,0.0,0.0,0.0,0.0,0.0,0.0,0.0,0.0,0.0,0.0,0.0,0.0,0.0,0.0,0.0,0.0,0.0,0.0,0.0,0.0,0.0,0.0,0.0,0.0,0.0,0.0,0.0,0.0,0.0,0.0,0.0,0.0,0.0,0.0,0.0,0.13029551516137056,0.11203564984974525,0.13485705833741474,0.0,0.0,0.499900592871995
0,"Action,Adventure,Casual,Indie",3.0,4.4408666666666665,14.377039678444083,0.0,1.0,0.0,0.0,0.0,4.080757575757576,2.5933468551135723,0.0,1.0,0.0,0.0,0.0,4.828787878787879,3.13452258950155,0.0,1.0,0.0,0.0,0.0,4.594848484848485,2.8287652528675893,0.0,1.0,0.0,0.0,0.0,3.106969696969697,1.9679430652772034,0.010303030303030303,0.9512121212121212,0.01196969696969697,0.026515151515151516,0.0,12.510909090909092,41.957603447436576,0.0,1.0,0.0,0.0,0.0,3.3612121212121213,2.1320380882034087,0.0,1.0,0.0,0.0,0.0,2.349558823529412,1.2924042049191629,0.0,1.0,0.0,0.0,0.0,2.6295588235294116,1.488478233775068,0.0,1.0,0.0,0.0,0.0,2.676911764705882,1.4621285424228179,0.06582406471183014,0.14364004044489384,0.03226491405460061,0.06149646107178969,0.04236602628918099,0.0735793731041456,0.07391304347826087,0.11055611729019212,0.1942669362992922,0.20209302325581396,0.0,0.0,0.0,0.0,0.0,0.0,0.0,0.0,0.0,0.0,0.0,0.0,0.0,0.0,0.0,0.0,0.0,0.0,0.0,0.0,0.0,0.0,0.0,0.0,0.0,0.0,0.0,0.4320460490169783,0.0,0.0,0.0,0.0,0.0,0.0,0.0,0.0,0.0,0.0,0.0,0.0,0.0,0.0,0.0,0.0,0.0,0.0,0.0,0.0,0.0,0.0,0.0,0.0,0.0,0.0,0.0,0.4052493213049205,0.0,0.0,0.0,0.0,0.0,0.0,0.0,0.0,0.0,0.0,0.3115530594131725,0.0,0.0,0.7429965614193731,0.0,0.0,0.0,0.0
0,"Action,Indie,Early Access",7.0,102.72871666666667,62.576492567255016,0.00030303030303030303,0.8063636363636364,0.18363636363636363,0.003181818181818182,0.0065151515151515155,32.49545454545454,26.030686621860546,0.4348484848484849,0.00045454545454545455,0.4124242424242424,0.15227272727272728,0.0,139.31727272727272,49.98322693044303,0.5113636363636364,0.0,0.37303030303030305,0.1156060606060606,0.0,142.03151515151515,43.932122997160626,0.02181818181818182,0.5277272727272727,0.2346969696969697,0.09515151515151515,0.1206060606060606,73.37712121212121,66.87531177531746,0.25545454545454543,0.04666666666666667,0.3353030303030303,0.265,0.09757575757575758,146.18742424242424,60.02145217035489,0.23727272727272727,0.04621212121212121,0.4024242424242424,0.24439393939393939,0.0696969696969697,139.38287878787878,59.02954250781788,0.006911764705882353,0.6991176470588235,0.2736764705882353,0.005147058823529412,0.015147058823529411,41.888823529411766,30.405088463911266,0.31220588235294117,0.00014705882352941175,0.6876470588235294,0.0,0.0,109.91382352941176,29.274596246244336,0.2580882352941177,0.0275,0.7133823529411765,0.0010294117647058824,0.0,101.62352941176471,35.78824617124791,0.037512639029322545,0.06509605662285137,0.028422649140546007,0.09756319514661274,0.12321536905965622,0.17488372093023255,0.07117290192113246,0.0941860465116279,0.19695652173913045,0.11099089989888776,0.0,0.2598496295457576,0.2598496295457576,0.0,0.0,0.0,0.0,0.0,0.0,0.0,0.0,0.0,0.0,0.0,0.3101046968146948,0.0,0.0,0.0,0.0,0.3868320884249903,0.0,0.3101046968146948,0.2010549698986627,0.18650579537672626,0.0,0.2436711114814324,0.0,0.5405916973598188,0.0,0.0,0.0,0.0,0.3101046968146948,0.0,0.0,0.0,0.0,0.0,0.0,0.0,0.0,0.0,0.0,0.0,0.0,0.0,0.0,0.0,0.0,0.0,0.0,0.0,0.0,0.0,0.0,0.0,0.0,0.0,0.0,0.0,0.0,0.0,0.0,0.0,0.0,0.0,0.0,0.0,0.0,0.0,0.0,0.0,0.0,0.0
0,Casual,3.0,153.66045,61.5512969465104,0.45606060606060606,0.013030303030303031,0.24303030303030304,0.04803030303030303,0.23984848484848484,134.47984848484847,33.77294353663237,0.4177272727272727,0.00909090909090909,0.2743939393939394,0.29363636363636364,0.005151515151515152,153.2189393939394,58.96414502793299,0.37196969696969695,0.01606060606060606,0.39606060606060606,0.20681818181818182,0.00909090909090909,140.53469696969697,54.64417412512759,0.15075757575757576,0.02727272727272727,0.18378787878787878,0.06060606060606061,0.5775757575757576,140.1392424242424,38.211550364310796,0.21393939393939393,0.024242424242424242,0.16666666666666666,0.4243939393939394,0.17075757575757575,175.21984848484848,60.03720563603126,0.33090909090909093,0.011515151515151515,0.26575757575757575,0.38651515151515153,0.005303030303030303,166.98227272727271,58.47641706201286,0.08573529411764706,0.1323529411764706,0.2585294117647059,0.42205882352941176,0.1013235294117647,150.6620588235294,84.80742320726036,0.16823529411764707,0.11970588235294118,0.20573529411764707,0.3952941176470588,0.11102941176470588,148.75764705882352,78.171625477265,0.3625,0.00823529411764706,0.22088235294117647,0.38279411764705884,0.025588235294117648,172.61455882352942,52.85354732192765,0.05673407482305359,0.07253791708796764,0.028159757330637008,0.08706774519716885,0.23462082912032356,0.1393124368048534,0.04666329625884732,0.08493427704752275,0.13175935288169868,0.11821031344792719,0.0,0.0,0.0,0.0,0.0,0.0,0.0,0.0,0.0,0.0,0.0,0.0,0.0,0.0,0.0,0.0,0.0,0.0,0.0,0.47718757992864747,0.0,0.0,0.0,0.0,0.0,0.0,0.0,0.0,0.5409880140721955,0.0,0.0,0.0,0.0,0.0,0.0,0.0,0.0,0.0,0.0,0.0,0.0,0.0,0.6925489023831188,0.0,0.0,0.0,0.0,0.0,0.0,0.0,0.0,0.0,0.0,0.0,0.0,0.0,0.0,0.0,0.0,0.0,0.0,0.0,0.0,0.0,0.0,0.0,0.0,0.0,0.0,0.0,0.0,0.0,0.0,0.0
0,"Action,Adventure,Casual,Indie,Strategy",3.0,180.5873,60.51591563693527,0.5366666666666666,0.0,0.0,0.4633333333333333,0.0,203.6660606060606,7.336810445382818,0.14469696969696969,0.0,0.05454545454545454,0.7868181818181819,0.013939393939393939,212.10757575757575,40.98803155174306,0.12590909090909091,0.0006060606060606061,0.0796969696969697,0.7937878787878788,0.0,211.9210606060606,45.54548155178739,0.08636363636363636,0.0006060606060606061,0.09863636363636363,0.7745454545454545,0.03984848484848485,193.29712121212123,42.204527879491344,0.3603030303030303,0.0,0.042727272727272725,0.5683333333333334,0.028636363636363637,189.82181818181817,33.324311941751844,0.08742424242424242,0.0009090909090909091,0.19984848484848486,0.7118181818181818,0.0,196.0021212121212,56.07753016529752,0.18514705882352941,0.08294117647058824,0.47911764705882354,0.22764705882352942,0.02514705882352941,125.70308823529412,63.70258044356354,0.1323529411764706,0.0886764705882353,0.5536764705882353,0.18044117647058824,0.04485294117647059,116.15029411764706,64.29422533694765,0.16838235294117648,0.0017647058823529412,0.30558823529411766,0.5230882352941176,0.001176470588235294,180.24279411764707,67.06366613690545,0.03435793731041456,0.05552072800808898,0.03604651162790698,0.11004044489383215,0.1754802831142568,0.17749241658240647,0.06595551061678463,0.07836198179979778,0.16979777553083922,0.09694641051567239,0.0,0.0,0.0,0.0,0.0,0.0,0.0,0.0,0.0,0.0,0.0,0.0,0.0,0.0,0.0,0.0,0.0,0.0,0.0,0.4580602394674286,0.0,0.0,0.0,0.0,0.615392502829209,0.0,0.0,0.0,0.0,0.0,0.0,0.0,0.0,0.0,0.0,0.0,0.0,0.0,0.0,0.0,0.0,0.0,0.0,0.0,0.0,0.0,0.0,0.0,0.0,0.0,0.0,0.0,0.0,0.0,0.0,0.0,0.0,0.0,0.0,0.0,0.0,0.0,0.0,0.0,0.0,0.0,0.3077373417680918,0.0,0.42675460448478003,0.36694838944079294,0.0,0.0,0.0,0.0
